ISO-10303-21;
HEADER;
FILE_DESCRIPTION(('KiCad electronic assembly'),'2;1');
FILE_NAME('newpcb.step','2026-08-07T10:29:22',('Pcbnew'),('Kicad'),
  'Open CASCADE STEP processor 7.9','KiCad to STEP converter','Unknown'
  );
FILE_SCHEMA(('AUTOMOTIVE_DESIGN { 1 0 10303 214 1 1 1 1 }'));
ENDSEC;
DATA;
#1 = APPLICATION_PROTOCOL_DEFINITION('international standard',
  'automotive_design',2000,#2);
#2 = APPLICATION_CONTEXT(
  'core data for automotive mechanical design processes');
#3 = SHAPE_DEFINITION_REPRESENTATION(#4,#10);
#4 = PRODUCT_DEFINITION_SHAPE('','',#5);
#5 = PRODUCT_DEFINITION('design','',#6,#9);
#6 = PRODUCT_DEFINITION_FORMATION('','',#7);
#7 = PRODUCT('newpcb 1','newpcb 1','',(#8));
#8 = PRODUCT_CONTEXT('',#2,'mechanical');
#9 = PRODUCT_DEFINITION_CONTEXT('part definition',#2,'design');
#10 = SHAPE_REPRESENTATION('',(#11,#15,#19,#23,#27,#31,#35,#39,#43,#47,
    #51,#55),#59);
#11 = AXIS2_PLACEMENT_3D('',#12,#13,#14);
#12 = CARTESIAN_POINT('',(0.,0.,0.));
#13 = DIRECTION('',(0.,0.,1.));
#14 = DIRECTION('',(1.,0.,-0.));
#15 = AXIS2_PLACEMENT_3D('',#16,#17,#18);
#16 = CARTESIAN_POINT('',(115.,-121.31,-8.5E-02));
#17 = DIRECTION('',(1.224646799147E-16,-1.359631073447E-32,-1.));
#18 = DIRECTION('',(1.110223024625E-16,1.,0.));
#19 = AXIS2_PLACEMENT_3D('',#20,#21,#22);
#20 = CARTESIAN_POINT('',(57.12,-131.,-8.5E-02));
#21 = DIRECTION('',(1.499759782662E-32,1.224646799147E-16,-1.));
#22 = DIRECTION('',(-1.,1.224646799147E-16,0.));
#23 = AXIS2_PLACEMENT_3D('',#24,#25,#26);
#24 = CARTESIAN_POINT('',(64.38,-131.,-8.5E-02));
#25 = DIRECTION('',(0.,-1.224646799147E-16,-1.));
#26 = DIRECTION('',(1.,0.,0.));
#27 = AXIS2_PLACEMENT_3D('',#28,#29,#30);
#28 = CARTESIAN_POINT('',(54.5,-121.5,-8.5E-02));
#29 = DIRECTION('',(1.224646799147E-16,-1.359631073447E-32,-1.));
#30 = DIRECTION('',(1.110223024625E-16,1.,0.));
#31 = AXIS2_PLACEMENT_3D('',#32,#33,#34);
#32 = CARTESIAN_POINT('',(94.5,-120.81,-8.5E-02));
#33 = DIRECTION('',(1.224646799147E-16,-1.359631073447E-32,-1.));
#34 = DIRECTION('',(1.110223024625E-16,1.,0.));
#35 = AXIS2_PLACEMENT_3D('',#36,#37,#38);
#36 = CARTESIAN_POINT('',(74.5,-121.,-8.5E-02));
#37 = DIRECTION('',(1.224646799147E-16,-1.359631073447E-32,-1.));
#38 = DIRECTION('',(1.110223024625E-16,1.,0.));
#39 = AXIS2_PLACEMENT_3D('',#40,#41,#42);
#40 = CARTESIAN_POINT('',(119.38,-131.,-8.5E-02));
#41 = DIRECTION('',(0.,-1.224646799147E-16,-1.));
#42 = DIRECTION('',(1.,0.,0.));
#43 = AXIS2_PLACEMENT_3D('',#44,#45,#46);
#44 = CARTESIAN_POINT('',(92.88,-130.5,-8.5E-02));
#45 = DIRECTION('',(0.,-1.224646799147E-16,-1.));
#46 = DIRECTION('',(1.,0.,0.));
#47 = AXIS2_PLACEMENT_3D('',#48,#49,#50);
#48 = CARTESIAN_POINT('',(120.5,-80.5,-8.5E-02));
#49 = DIRECTION('',(0.,-1.224646799147E-16,-1.));
#50 = DIRECTION('',(1.,0.,0.));
#51 = AXIS2_PLACEMENT_3D('',#52,#53,#54);
#52 = CARTESIAN_POINT('',(99.38,-80.69,-8.5E-02));
#53 = DIRECTION('',(0.,-1.224646799147E-16,-1.));
#54 = DIRECTION('',(1.,0.,0.));
#55 = AXIS2_PLACEMENT_3D('',#56,#57,#58);
#56 = CARTESIAN_POINT('',(0.,0.,0.));
#57 = DIRECTION('',(0.,0.,1.));
#58 = DIRECTION('',(1.,0.,-0.));
#59 = ( GEOMETRIC_REPRESENTATION_CONTEXT(3) 
GLOBAL_UNCERTAINTY_ASSIGNED_CONTEXT((#63)) GLOBAL_UNIT_ASSIGNED_CONTEXT(
(#60,#61,#62)) REPRESENTATION_CONTEXT('Context #1',
  '3D Context with UNIT and UNCERTAINTY') );
#60 = ( LENGTH_UNIT() NAMED_UNIT(*) SI_UNIT(.MILLI.,.METRE.) );
#61 = ( NAMED_UNIT(*) PLANE_ANGLE_UNIT() SI_UNIT($,.RADIAN.) );
#62 = ( NAMED_UNIT(*) SI_UNIT($,.STERADIAN.) SOLID_ANGLE_UNIT() );
#63 = UNCERTAINTY_MEASURE_WITH_UNIT(LENGTH_MEASURE(1.E-07),#60,
  'distance_accuracy_value','confusion accuracy');
#64 = PRODUCT_RELATED_PRODUCT_CATEGORY('part',$,(#7));
#65 = SHAPE_DEFINITION_REPRESENTATION(#66,#72);
#66 = PRODUCT_DEFINITION_SHAPE('','',#67);
#67 = PRODUCT_DEFINITION('design','',#68,#71);
#68 = PRODUCT_DEFINITION_FORMATION('','',#69);
#69 = PRODUCT('D_DO-35_SOD27_P7.62mm_Horizontal',
  'D_DO-35_SOD27_P7.62mm_Horizontal','',(#70));
#70 = PRODUCT_CONTEXT('',#2,'mechanical');
#71 = PRODUCT_DEFINITION_CONTEXT('part definition',#2,'design');
#72 = SHAPE_REPRESENTATION('',(#11,#73),#77);
#73 = AXIS2_PLACEMENT_3D('',#74,#75,#76);
#74 = CARTESIAN_POINT('',(0.,0.,0.));
#75 = DIRECTION('',(0.,0.,1.));
#76 = DIRECTION('',(1.,0.,-0.));
#77 = ( GEOMETRIC_REPRESENTATION_CONTEXT(3) 
GLOBAL_UNCERTAINTY_ASSIGNED_CONTEXT((#81)) GLOBAL_UNIT_ASSIGNED_CONTEXT(
(#78,#79,#80)) REPRESENTATION_CONTEXT('Context #1',
  '3D Context with UNIT and UNCERTAINTY') );
#78 = ( LENGTH_UNIT() NAMED_UNIT(*) SI_UNIT(.MILLI.,.METRE.) );
#79 = ( NAMED_UNIT(*) PLANE_ANGLE_UNIT() SI_UNIT($,.RADIAN.) );
#80 = ( NAMED_UNIT(*) SI_UNIT($,.STERADIAN.) SOLID_ANGLE_UNIT() );
#81 = UNCERTAINTY_MEASURE_WITH_UNIT(LENGTH_MEASURE(1.E-07),#78,
  'distance_accuracy_value','confusion accuracy');
#82 = CONTEXT_DEPENDENT_SHAPE_REPRESENTATION(#83,#85);
#83 = ( REPRESENTATION_RELATIONSHIP('','',#72,#10) 
REPRESENTATION_RELATIONSHIP_WITH_TRANSFORMATION(#84) 
SHAPE_REPRESENTATION_RELATIONSHIP() );
#84 = ITEM_DEFINED_TRANSFORMATION('','',#11,#15);
#85 = PRODUCT_DEFINITION_SHAPE('Placement','Placement of an item',#86);
#86 = NEXT_ASSEMBLY_USAGE_OCCURRENCE('2','D7','',#5,#67,$);
#87 = PRODUCT_RELATED_PRODUCT_CATEGORY('part',$,(#69));
#88 = SHAPE_DEFINITION_REPRESENTATION(#89,#95);
#89 = PRODUCT_DEFINITION_SHAPE('','',#90);
#90 = PRODUCT_DEFINITION('design','',#91,#94);
#91 = PRODUCT_DEFINITION_FORMATION('','',#92);
#92 = PRODUCT('D_DO-35_SOD27_P7.62mm_Horizontal',
  'D_DO-35_SOD27_P7.62mm_Horizontal','',(#93));
#93 = PRODUCT_CONTEXT('',#2,'mechanical');
#94 = PRODUCT_DEFINITION_CONTEXT('part definition',#2,'design');
#95 = SHAPE_REPRESENTATION('',(#11,#96,#251),#446);
#96 = MANIFOLD_SOLID_BREP('',#97);
#97 = CLOSED_SHELL('',(#98,#131,#157,#182,#208,#233,#242));
#98 = ADVANCED_FACE('',(#99),#126,.T.);
#99 = FACE_BOUND('',#100,.T.);
#100 = EDGE_LOOP('',(#101,#111,#118,#119));
#101 = ORIENTED_EDGE('',*,*,#102,.T.);
#102 = EDGE_CURVE('',#103,#105,#107,.T.);
#103 = VERTEX_POINT('',#104);
#104 = CARTESIAN_POINT('',(0.25,0.,-2.5));
#105 = VERTEX_POINT('',#106);
#106 = CARTESIAN_POINT('',(0.25,1.E-15,1.));
#107 = LINE('',#108,#109);
#108 = CARTESIAN_POINT('',(0.25,6.7E-16,1.));
#109 = VECTOR('',#110,1.);
#110 = DIRECTION('',(0.,2.2E-16,1.));
#111 = ORIENTED_EDGE('',*,*,#112,.F.);
#112 = EDGE_CURVE('',#105,#105,#113,.T.);
#113 = CIRCLE('',#114,0.25);
#114 = AXIS2_PLACEMENT_3D('',#115,#116,#117);
#115 = CARTESIAN_POINT('',(0.,6.7E-16,1.));
#116 = DIRECTION('',(-0.,2.2E-16,1.));
#117 = DIRECTION('',(1.,0.,0.));
#118 = ORIENTED_EDGE('',*,*,#102,.F.);
#119 = ORIENTED_EDGE('',*,*,#120,.T.);
#120 = EDGE_CURVE('',#103,#103,#121,.T.);
#121 = CIRCLE('',#122,0.25);
#122 = AXIS2_PLACEMENT_3D('',#123,#124,#125);
#123 = CARTESIAN_POINT('',(0.,-1.1E-16,-2.5));
#124 = DIRECTION('',(-0.,2.2E-16,1.));
#125 = DIRECTION('',(1.,0.,0.));
#126 = CYLINDRICAL_SURFACE('',#127,0.25);
#127 = AXIS2_PLACEMENT_3D('',#128,#129,#130);
#128 = CARTESIAN_POINT('',(0.,6.7E-16,1.));
#129 = DIRECTION('',(0.,2.2E-16,1.));
#130 = DIRECTION('',(1.,0.,-0.));
#131 = ADVANCED_FACE('',(#132),#152,.T.);
#132 = FACE_BOUND('',#133,.T.);
#133 = EDGE_LOOP('',(#134,#143,#150,#151));
#134 = ORIENTED_EDGE('',*,*,#135,.T.);
#135 = EDGE_CURVE('',#105,#136,#138,.T.);
#136 = VERTEX_POINT('',#137);
#137 = CARTESIAN_POINT('',(0.5,1.E-15,1.25));
#138 = CIRCLE('',#139,0.25);
#139 = AXIS2_PLACEMENT_3D('',#140,#141,#142);
#140 = CARTESIAN_POINT('',(0.5,7.6E-16,1.));
#141 = DIRECTION('',(0.,1.,-2.2E-16));
#142 = DIRECTION('',(1.,0.,0.));
#143 = ORIENTED_EDGE('',*,*,#144,.T.);
#144 = EDGE_CURVE('',#136,#136,#145,.T.);
#145 = CIRCLE('',#146,0.25);
#146 = AXIS2_PLACEMENT_3D('',#147,#148,#149);
#147 = CARTESIAN_POINT('',(0.5,7.8E-16,1.5));
#148 = DIRECTION('',(-1.,0.,-1.8E-16));
#149 = DIRECTION('',(-1.8E-16,2.2E-16,1.));
#150 = ORIENTED_EDGE('',*,*,#135,.F.);
#151 = ORIENTED_EDGE('',*,*,#112,.T.);
#152 = TOROIDAL_SURFACE('',#153,0.5,0.25);
#153 = AXIS2_PLACEMENT_3D('',#154,#155,#156);
#154 = CARTESIAN_POINT('',(0.5,6.7E-16,1.));
#155 = DIRECTION('',(0.,1.,-2.2E-16));
#156 = DIRECTION('',(1.,0.,0.));
#157 = ADVANCED_FACE('',(#158),#177,.T.);
#158 = FACE_BOUND('',#159,.T.);
#159 = EDGE_LOOP('',(#160,#168,#175,#176));
#160 = ORIENTED_EDGE('',*,*,#161,.T.);
#161 = EDGE_CURVE('',#136,#162,#164,.T.);
#162 = VERTEX_POINT('',#163);
#163 = CARTESIAN_POINT('',(7.12,1.E-15,1.25));
#164 = LINE('',#165,#166);
#165 = CARTESIAN_POINT('',(0.5,7.2E-16,1.25));
#166 = VECTOR('',#167,1.);
#167 = DIRECTION('',(1.,0.,0.));
#168 = ORIENTED_EDGE('',*,*,#169,.F.);
#169 = EDGE_CURVE('',#162,#162,#170,.T.);
#170 = CIRCLE('',#171,0.25);
#171 = AXIS2_PLACEMENT_3D('',#172,#173,#174);
#172 = CARTESIAN_POINT('',(7.12,7.8E-16,1.5));
#173 = DIRECTION('',(1.,0.,0.));
#174 = DIRECTION('',(0.,-2.2E-16,-1.));
#175 = ORIENTED_EDGE('',*,*,#161,.F.);
#176 = ORIENTED_EDGE('',*,*,#144,.F.);
#177 = CYLINDRICAL_SURFACE('',#178,0.25);
#178 = AXIS2_PLACEMENT_3D('',#179,#180,#181);
#179 = CARTESIAN_POINT('',(0.5,7.8E-16,1.5));
#180 = DIRECTION('',(1.,0.,0.));
#181 = DIRECTION('',(0.,-2.2E-16,-1.));
#182 = ADVANCED_FACE('',(#183),#203,.T.);
#183 = FACE_BOUND('',#184,.T.);
#184 = EDGE_LOOP('',(#185,#194,#201,#202));
#185 = ORIENTED_EDGE('',*,*,#186,.T.);
#186 = EDGE_CURVE('',#162,#187,#189,.T.);
#187 = VERTEX_POINT('',#188);
#188 = CARTESIAN_POINT('',(7.37,1.E-15,1.));
#189 = CIRCLE('',#190,0.25);
#190 = AXIS2_PLACEMENT_3D('',#191,#192,#193);
#191 = CARTESIAN_POINT('',(7.12,7.6E-16,1.));
#192 = DIRECTION('',(0.,1.,-2.2E-16));
#193 = DIRECTION('',(1.,0.,0.));
#194 = ORIENTED_EDGE('',*,*,#195,.T.);
#195 = EDGE_CURVE('',#187,#187,#196,.T.);
#196 = CIRCLE('',#197,0.25);
#197 = AXIS2_PLACEMENT_3D('',#198,#199,#200);
#198 = CARTESIAN_POINT('',(7.62,6.7E-16,1.));
#199 = DIRECTION('',(-2.4E-16,2.2E-16,1.));
#200 = DIRECTION('',(1.,0.,2.4E-16));
#201 = ORIENTED_EDGE('',*,*,#186,.F.);
#202 = ORIENTED_EDGE('',*,*,#169,.T.);
#203 = TOROIDAL_SURFACE('',#204,0.5,0.25);
#204 = AXIS2_PLACEMENT_3D('',#205,#206,#207);
#205 = CARTESIAN_POINT('',(7.12,6.7E-16,1.));
#206 = DIRECTION('',(0.,1.,-2.2E-16));
#207 = DIRECTION('',(1.,0.,0.));
#208 = ADVANCED_FACE('',(#209),#228,.T.);
#209 = FACE_BOUND('',#210,.T.);
#210 = EDGE_LOOP('',(#211,#219,#226,#227));
#211 = ORIENTED_EDGE('',*,*,#212,.T.);
#212 = EDGE_CURVE('',#187,#213,#215,.T.);
#213 = VERTEX_POINT('',#214);
#214 = CARTESIAN_POINT('',(7.37,0.,-2.5));
#215 = LINE('',#216,#217);
#216 = CARTESIAN_POINT('',(7.37,6.7E-16,1.));
#217 = VECTOR('',#218,1.);
#218 = DIRECTION('',(0.,-2.2E-16,-1.));
#219 = ORIENTED_EDGE('',*,*,#220,.F.);
#220 = EDGE_CURVE('',#213,#213,#221,.T.);
#221 = CIRCLE('',#222,0.25);
#222 = AXIS2_PLACEMENT_3D('',#223,#224,#225);
#223 = CARTESIAN_POINT('',(7.62,-1.1E-16,-2.5));
#224 = DIRECTION('',(-0.,-2.2E-16,-1.));
#225 = DIRECTION('',(-1.,0.,0.));
#226 = ORIENTED_EDGE('',*,*,#212,.F.);
#227 = ORIENTED_EDGE('',*,*,#195,.F.);
#228 = CYLINDRICAL_SURFACE('',#229,0.25);
#229 = AXIS2_PLACEMENT_3D('',#230,#231,#232);
#230 = CARTESIAN_POINT('',(7.62,6.7E-16,1.));
#231 = DIRECTION('',(0.,-2.2E-16,-1.));
#232 = DIRECTION('',(-1.,-0.,0.));
#233 = ADVANCED_FACE('',(#234),#237,.T.);
#234 = FACE_BOUND('',#235,.F.);
#235 = EDGE_LOOP('',(#236));
#236 = ORIENTED_EDGE('',*,*,#120,.T.);
#237 = PLANE('',#238);
#238 = AXIS2_PLACEMENT_3D('',#239,#240,#241);
#239 = CARTESIAN_POINT('',(0.25,-1.1E-16,-2.5));
#240 = DIRECTION('',(0.,0.,-1.));
#241 = DIRECTION('',(-1.,0.,0.));
#242 = ADVANCED_FACE('',(#243),#246,.F.);
#243 = FACE_BOUND('',#244,.T.);
#244 = EDGE_LOOP('',(#245));
#245 = ORIENTED_EDGE('',*,*,#220,.T.);
#246 = PLANE('',#247);
#247 = AXIS2_PLACEMENT_3D('',#248,#249,#250);
#248 = CARTESIAN_POINT('',(7.37,-1.1E-16,-2.5));
#249 = DIRECTION('',(0.,0.,1.));
#250 = DIRECTION('',(1.,0.,-0.));
#251 = MANIFOLD_SOLID_BREP('',#252);
#252 = CLOSED_SHELL('',(#253,#286,#306,#326,#351,#376,#402,#428,#437));
#253 = ADVANCED_FACE('',(#254),#281,.T.);
#254 = FACE_BOUND('',#255,.T.);
#255 = EDGE_LOOP('',(#256,#265,#273,#280));
#256 = ORIENTED_EDGE('',*,*,#257,.T.);
#257 = EDGE_CURVE('',#258,#258,#260,.T.);
#258 = VERTEX_POINT('',#259);
#259 = CARTESIAN_POINT('',(2.41,3.557331958362E-15,2.51));
#260 = CIRCLE('',#261,1.01);
#261 = AXIS2_PLACEMENT_3D('',#262,#263,#264);
#262 = CARTESIAN_POINT('',(2.41,6.630669073875E-16,1.5));
#263 = DIRECTION('',(1.,0.,-0.));
#264 = DIRECTION('',(0.,9.92044604925E-16,1.));
#265 = ORIENTED_EDGE('',*,*,#266,.T.);
#266 = EDGE_CURVE('',#258,#267,#269,.T.);
#267 = VERTEX_POINT('',#268);
#268 = CARTESIAN_POINT('',(3.41,3.557331958362E-15,2.51));
#269 = LINE('',#270,#271);
#270 = CARTESIAN_POINT('',(2.41,5.573319583618E-16,2.51));
#271 = VECTOR('',#272,1.);
#272 = DIRECTION('',(1.,0.,0.));
#273 = ORIENTED_EDGE('',*,*,#274,.F.);
#274 = EDGE_CURVE('',#267,#267,#275,.T.);
#275 = CIRCLE('',#276,1.01);
#276 = AXIS2_PLACEMENT_3D('',#277,#278,#279);
#277 = CARTESIAN_POINT('',(3.41,6.630669073875E-16,1.5));
#278 = DIRECTION('',(1.,0.,-0.));
#279 = DIRECTION('',(0.,9.92044604925E-16,1.));
#280 = ORIENTED_EDGE('',*,*,#266,.F.);
#281 = CYLINDRICAL_SURFACE('',#282,1.01);
#282 = AXIS2_PLACEMENT_3D('',#283,#284,#285);
#283 = CARTESIAN_POINT('',(2.41,6.630669073875E-16,1.5));
#284 = DIRECTION('',(1.,0.,0.));
#285 = DIRECTION('',(-0.,9.92044604925E-16,1.));
#286 = ADVANCED_FACE('',(#287,#290),#301,.F.);
#287 = FACE_BOUND('',#288,.T.);
#288 = EDGE_LOOP('',(#289));
#289 = ORIENTED_EDGE('',*,*,#257,.F.);
#290 = FACE_BOUND('',#291,.T.);
#291 = EDGE_LOOP('',(#292));
#292 = ORIENTED_EDGE('',*,*,#293,.T.);
#293 = EDGE_CURVE('',#294,#294,#296,.T.);
#294 = VERTEX_POINT('',#295);
#295 = CARTESIAN_POINT('',(2.41,5.551115123126E-16,2.5));
#296 = CIRCLE('',#297,1.);
#297 = AXIS2_PLACEMENT_3D('',#298,#299,#300);
#298 = CARTESIAN_POINT('',(2.41,6.630669073875E-16,1.5));
#299 = DIRECTION('',(1.,0.,-0.));
#300 = DIRECTION('',(0.,1.002044604925E-15,1.));
#301 = PLANE('',#302);
#302 = AXIS2_PLACEMENT_3D('',#303,#304,#305);
#303 = CARTESIAN_POINT('',(2.41,6.630669073875E-16,1.5));
#304 = DIRECTION('',(1.,0.,0.));
#305 = DIRECTION('',(-0.,1.002044604925E-15,1.));
#306 = ADVANCED_FACE('',(#307,#310),#321,.T.);
#307 = FACE_BOUND('',#308,.T.);
#308 = EDGE_LOOP('',(#309));
#309 = ORIENTED_EDGE('',*,*,#274,.T.);
#310 = FACE_BOUND('',#311,.T.);
#311 = EDGE_LOOP('',(#312));
#312 = ORIENTED_EDGE('',*,*,#313,.F.);
#313 = EDGE_CURVE('',#314,#314,#316,.T.);
#314 = VERTEX_POINT('',#315);
#315 = CARTESIAN_POINT('',(3.41,5.551115123126E-16,2.5));
#316 = CIRCLE('',#317,1.);
#317 = AXIS2_PLACEMENT_3D('',#318,#319,#320);
#318 = CARTESIAN_POINT('',(3.41,6.630669073875E-16,1.5));
#319 = DIRECTION('',(1.,0.,-0.));
#320 = DIRECTION('',(0.,1.002044604925E-15,1.));
#321 = PLANE('',#322);
#322 = AXIS2_PLACEMENT_3D('',#323,#324,#325);
#323 = CARTESIAN_POINT('',(3.41,6.630669073875E-16,1.5));
#324 = DIRECTION('',(1.,0.,0.));
#325 = DIRECTION('',(-0.,9.92044604925E-16,1.));
#326 = ADVANCED_FACE('',(#327),#346,.T.);
#327 = FACE_BOUND('',#328,.T.);
#328 = EDGE_LOOP('',(#329,#338,#344,#345));
#329 = ORIENTED_EDGE('',*,*,#330,.T.);
#330 = EDGE_CURVE('',#331,#331,#333,.T.);
#331 = VERTEX_POINT('',#332);
#332 = CARTESIAN_POINT('',(2.21,3.555111512313E-15,2.5));
#333 = CIRCLE('',#334,1.);
#334 = AXIS2_PLACEMENT_3D('',#335,#336,#337);
#335 = CARTESIAN_POINT('',(2.21,6.630669073875E-16,1.5));
#336 = DIRECTION('',(1.,0.,-0.));
#337 = DIRECTION('',(0.,1.002044604925E-15,1.));
#338 = ORIENTED_EDGE('',*,*,#339,.T.);
#339 = EDGE_CURVE('',#331,#294,#340,.T.);
#340 = LINE('',#341,#342);
#341 = CARTESIAN_POINT('',(1.81,5.551115123126E-16,2.5));
#342 = VECTOR('',#343,1.);
#343 = DIRECTION('',(1.,0.,0.));
#344 = ORIENTED_EDGE('',*,*,#293,.F.);
#345 = ORIENTED_EDGE('',*,*,#339,.F.);
#346 = CYLINDRICAL_SURFACE('',#347,1.);
#347 = AXIS2_PLACEMENT_3D('',#348,#349,#350);
#348 = CARTESIAN_POINT('',(1.81,6.630669073875E-16,1.5));
#349 = DIRECTION('',(1.,0.,0.));
#350 = DIRECTION('',(-0.,1.002044604925E-15,1.));
#351 = ADVANCED_FACE('',(#352),#371,.T.);
#352 = FACE_BOUND('',#353,.T.);
#353 = EDGE_LOOP('',(#354,#355,#363,#370));
#354 = ORIENTED_EDGE('',*,*,#313,.T.);
#355 = ORIENTED_EDGE('',*,*,#356,.T.);
#356 = EDGE_CURVE('',#314,#357,#359,.T.);
#357 = VERTEX_POINT('',#358);
#358 = CARTESIAN_POINT('',(5.41,3.555111512313E-15,2.5));
#359 = LINE('',#360,#361);
#360 = CARTESIAN_POINT('',(1.81,5.551115123126E-16,2.5));
#361 = VECTOR('',#362,1.);
#362 = DIRECTION('',(1.,0.,0.));
#363 = ORIENTED_EDGE('',*,*,#364,.F.);
#364 = EDGE_CURVE('',#357,#357,#365,.T.);
#365 = CIRCLE('',#366,1.);
#366 = AXIS2_PLACEMENT_3D('',#367,#368,#369);
#367 = CARTESIAN_POINT('',(5.41,6.630669073875E-16,1.5));
#368 = DIRECTION('',(1.,0.,-0.));
#369 = DIRECTION('',(0.,1.002044604925E-15,1.));
#370 = ORIENTED_EDGE('',*,*,#356,.F.);
#371 = CYLINDRICAL_SURFACE('',#372,1.);
#372 = AXIS2_PLACEMENT_3D('',#373,#374,#375);
#373 = CARTESIAN_POINT('',(1.81,6.630669073875E-16,1.5));
#374 = DIRECTION('',(1.,0.,0.));
#375 = DIRECTION('',(-0.,1.002044604925E-15,1.));
#376 = ADVANCED_FACE('',(#377),#397,.T.);
#377 = FACE_BOUND('',#378,.T.);
#378 = EDGE_LOOP('',(#379,#388,#395,#396));
#379 = ORIENTED_EDGE('',*,*,#380,.T.);
#380 = EDGE_CURVE('',#381,#381,#383,.T.);
#381 = VERTEX_POINT('',#382);
#382 = CARTESIAN_POINT('',(1.81,1.466293670343E-15,2.1));
#383 = CIRCLE('',#384,0.6);
#384 = AXIS2_PLACEMENT_3D('',#385,#386,#387);
#385 = CARTESIAN_POINT('',(1.81,6.630669073875E-16,1.5));
#386 = DIRECTION('',(1.,0.,-0.));
#387 = DIRECTION('',(0.,1.002044604925E-15,1.));
#388 = ORIENTED_EDGE('',*,*,#389,.F.);
#389 = EDGE_CURVE('',#331,#381,#390,.T.);
#390 = CIRCLE('',#391,0.4);
#391 = AXIS2_PLACEMENT_3D('',#392,#393,#394);
#392 = CARTESIAN_POINT('',(2.21,1.266293670343E-15,2.1));
#393 = DIRECTION('',(0.,-1.,1.002044604925E-15));
#394 = DIRECTION('',(0.,1.002044604925E-15,1.));
#395 = ORIENTED_EDGE('',*,*,#330,.F.);
#396 = ORIENTED_EDGE('',*,*,#389,.T.);
#397 = TOROIDAL_SURFACE('',#398,0.6,0.4);
#398 = AXIS2_PLACEMENT_3D('',#399,#400,#401);
#399 = CARTESIAN_POINT('',(2.21,6.630669073875E-16,1.5));
#400 = DIRECTION('',(-1.,0.,0.));
#401 = DIRECTION('',(0.,1.002044604925E-15,1.));
#402 = ADVANCED_FACE('',(#403),#423,.T.);
#403 = FACE_BOUND('',#404,.T.);
#404 = EDGE_LOOP('',(#405,#406,#415,#422));
#405 = ORIENTED_EDGE('',*,*,#364,.T.);
#406 = ORIENTED_EDGE('',*,*,#407,.F.);
#407 = EDGE_CURVE('',#408,#357,#410,.T.);
#408 = VERTEX_POINT('',#409);
#409 = CARTESIAN_POINT('',(5.81,1.466293670343E-15,2.1));
#410 = CIRCLE('',#411,0.4);
#411 = AXIS2_PLACEMENT_3D('',#412,#413,#414);
#412 = CARTESIAN_POINT('',(5.41,1.266293670343E-15,2.1));
#413 = DIRECTION('',(0.,-1.,1.002044604925E-15));
#414 = DIRECTION('',(0.,1.002044604925E-15,1.));
#415 = ORIENTED_EDGE('',*,*,#416,.F.);
#416 = EDGE_CURVE('',#408,#408,#417,.T.);
#417 = CIRCLE('',#418,0.6);
#418 = AXIS2_PLACEMENT_3D('',#419,#420,#421);
#419 = CARTESIAN_POINT('',(5.81,6.630669073875E-16,1.5));
#420 = DIRECTION('',(1.,0.,-0.));
#421 = DIRECTION('',(0.,1.002044604925E-15,1.));
#422 = ORIENTED_EDGE('',*,*,#407,.T.);
#423 = TOROIDAL_SURFACE('',#424,0.6,0.4);
#424 = AXIS2_PLACEMENT_3D('',#425,#426,#427);
#425 = CARTESIAN_POINT('',(5.41,6.630669073875E-16,1.5));
#426 = DIRECTION('',(-1.,0.,0.));
#427 = DIRECTION('',(0.,1.002044604925E-15,1.));
#428 = ADVANCED_FACE('',(#429),#432,.F.);
#429 = FACE_BOUND('',#430,.T.);
#430 = EDGE_LOOP('',(#431));
#431 = ORIENTED_EDGE('',*,*,#380,.F.);
#432 = PLANE('',#433);
#433 = AXIS2_PLACEMENT_3D('',#434,#435,#436);
#434 = CARTESIAN_POINT('',(1.81,6.630669073875E-16,1.5));
#435 = DIRECTION('',(1.,0.,0.));
#436 = DIRECTION('',(-0.,1.002044604925E-15,1.));
#437 = ADVANCED_FACE('',(#438),#441,.T.);
#438 = FACE_BOUND('',#439,.F.);
#439 = EDGE_LOOP('',(#440));
#440 = ORIENTED_EDGE('',*,*,#416,.F.);
#441 = PLANE('',#442);
#442 = AXIS2_PLACEMENT_3D('',#443,#444,#445);
#443 = CARTESIAN_POINT('',(5.81,6.630669073875E-16,1.5));
#444 = DIRECTION('',(1.,0.,0.));
#445 = DIRECTION('',(-0.,1.002044604925E-15,1.));
#446 = ( GEOMETRIC_REPRESENTATION_CONTEXT(3) 
GLOBAL_UNCERTAINTY_ASSIGNED_CONTEXT((#450)) GLOBAL_UNIT_ASSIGNED_CONTEXT
((#447,#448,#449)) REPRESENTATION_CONTEXT('Context #1',
  '3D Context with UNIT and UNCERTAINTY') );
#447 = ( LENGTH_UNIT() NAMED_UNIT(*) SI_UNIT(.MILLI.,.METRE.) );
#448 = ( NAMED_UNIT(*) PLANE_ANGLE_UNIT() SI_UNIT($,.RADIAN.) );
#449 = ( NAMED_UNIT(*) SI_UNIT($,.STERADIAN.) SOLID_ANGLE_UNIT() );
#450 = UNCERTAINTY_MEASURE_WITH_UNIT(LENGTH_MEASURE(1.E-07),#447,
  'distance_accuracy_value','confusion accuracy');
#451 = CONTEXT_DEPENDENT_SHAPE_REPRESENTATION(#452,#454);
#452 = ( REPRESENTATION_RELATIONSHIP('','',#95,#72) 
REPRESENTATION_RELATIONSHIP_WITH_TRANSFORMATION(#453) 
SHAPE_REPRESENTATION_RELATIONSHIP() );
#453 = ITEM_DEFINED_TRANSFORMATION('','',#11,#73);
#454 = PRODUCT_DEFINITION_SHAPE('Placement','Placement of an item',#455
  );
#455 = NEXT_ASSEMBLY_USAGE_OCCURRENCE('1','=>[0:1:1:3]','',#67,#90,$);
#456 = PRODUCT_RELATED_PRODUCT_CATEGORY('part',$,(#92));
#457 = CONTEXT_DEPENDENT_SHAPE_REPRESENTATION(#458,#460);
#458 = ( REPRESENTATION_RELATIONSHIP('','',#72,#10) 
REPRESENTATION_RELATIONSHIP_WITH_TRANSFORMATION(#459) 
SHAPE_REPRESENTATION_RELATIONSHIP() );
#459 = ITEM_DEFINED_TRANSFORMATION('','',#11,#19);
#460 = PRODUCT_DEFINITION_SHAPE('Placement','Placement of an item',#461
  );
#461 = NEXT_ASSEMBLY_USAGE_OCCURRENCE('3','D2','',#5,#67,$);
#462 = CONTEXT_DEPENDENT_SHAPE_REPRESENTATION(#463,#465);
#463 = ( REPRESENTATION_RELATIONSHIP('','',#72,#10) 
REPRESENTATION_RELATIONSHIP_WITH_TRANSFORMATION(#464) 
SHAPE_REPRESENTATION_RELATIONSHIP() );
#464 = ITEM_DEFINED_TRANSFORMATION('','',#11,#23);
#465 = PRODUCT_DEFINITION_SHAPE('Placement','Placement of an item',#466
  );
#466 = NEXT_ASSEMBLY_USAGE_OCCURRENCE('4','D4','',#5,#67,$);
#467 = CONTEXT_DEPENDENT_SHAPE_REPRESENTATION(#468,#470);
#468 = ( REPRESENTATION_RELATIONSHIP('','',#72,#10) 
REPRESENTATION_RELATIONSHIP_WITH_TRANSFORMATION(#469) 
SHAPE_REPRESENTATION_RELATIONSHIP() );
#469 = ITEM_DEFINED_TRANSFORMATION('','',#11,#27);
#470 = PRODUCT_DEFINITION_SHAPE('Placement','Placement of an item',#471
  );
#471 = NEXT_ASSEMBLY_USAGE_OCCURRENCE('5','D1','',#5,#67,$);
#472 = CONTEXT_DEPENDENT_SHAPE_REPRESENTATION(#473,#475);
#473 = ( REPRESENTATION_RELATIONSHIP('','',#72,#10) 
REPRESENTATION_RELATIONSHIP_WITH_TRANSFORMATION(#474) 
SHAPE_REPRESENTATION_RELATIONSHIP() );
#474 = ITEM_DEFINED_TRANSFORMATION('','',#11,#31);
#475 = PRODUCT_DEFINITION_SHAPE('Placement','Placement of an item',#476
  );
#476 = NEXT_ASSEMBLY_USAGE_OCCURRENCE('6','D5','',#5,#67,$);
#477 = CONTEXT_DEPENDENT_SHAPE_REPRESENTATION(#478,#480);
#478 = ( REPRESENTATION_RELATIONSHIP('','',#72,#10) 
REPRESENTATION_RELATIONSHIP_WITH_TRANSFORMATION(#479) 
SHAPE_REPRESENTATION_RELATIONSHIP() );
#479 = ITEM_DEFINED_TRANSFORMATION('','',#11,#35);
#480 = PRODUCT_DEFINITION_SHAPE('Placement','Placement of an item',#481
  );
#481 = NEXT_ASSEMBLY_USAGE_OCCURRENCE('7','D3','',#5,#67,$);
#482 = CONTEXT_DEPENDENT_SHAPE_REPRESENTATION(#483,#485);
#483 = ( REPRESENTATION_RELATIONSHIP('','',#72,#10) 
REPRESENTATION_RELATIONSHIP_WITH_TRANSFORMATION(#484) 
SHAPE_REPRESENTATION_RELATIONSHIP() );
#484 = ITEM_DEFINED_TRANSFORMATION('','',#11,#39);
#485 = PRODUCT_DEFINITION_SHAPE('Placement','Placement of an item',#486
  );
#486 = NEXT_ASSEMBLY_USAGE_OCCURRENCE('8','D8','',#5,#67,$);
#487 = CONTEXT_DEPENDENT_SHAPE_REPRESENTATION(#488,#490);
#488 = ( REPRESENTATION_RELATIONSHIP('','',#72,#10) 
REPRESENTATION_RELATIONSHIP_WITH_TRANSFORMATION(#489) 
SHAPE_REPRESENTATION_RELATIONSHIP() );
#489 = ITEM_DEFINED_TRANSFORMATION('','',#11,#43);
#490 = PRODUCT_DEFINITION_SHAPE('Placement','Placement of an item',#491
  );
#491 = NEXT_ASSEMBLY_USAGE_OCCURRENCE('9','D6','',#5,#67,$);
#492 = CONTEXT_DEPENDENT_SHAPE_REPRESENTATION(#493,#495);
#493 = ( REPRESENTATION_RELATIONSHIP('','',#72,#10) 
REPRESENTATION_RELATIONSHIP_WITH_TRANSFORMATION(#494) 
SHAPE_REPRESENTATION_RELATIONSHIP() );
#494 = ITEM_DEFINED_TRANSFORMATION('','',#11,#47);
#495 = PRODUCT_DEFINITION_SHAPE('Placement','Placement of an item',#496
  );
#496 = NEXT_ASSEMBLY_USAGE_OCCURRENCE('10','D9','',#5,#67,$);
#497 = CONTEXT_DEPENDENT_SHAPE_REPRESENTATION(#498,#500);
#498 = ( REPRESENTATION_RELATIONSHIP('','',#72,#10) 
REPRESENTATION_RELATIONSHIP_WITH_TRANSFORMATION(#499) 
SHAPE_REPRESENTATION_RELATIONSHIP() );
#499 = ITEM_DEFINED_TRANSFORMATION('','',#11,#51);
#500 = PRODUCT_DEFINITION_SHAPE('Placement','Placement of an item',#501
  );
#501 = NEXT_ASSEMBLY_USAGE_OCCURRENCE('11','D10','',#5,#67,$);
#502 = SHAPE_DEFINITION_REPRESENTATION(#503,#509);
#503 = PRODUCT_DEFINITION_SHAPE('','',#504);
#504 = PRODUCT_DEFINITION('design','',#505,#508);
#505 = PRODUCT_DEFINITION_FORMATION('','',#506);
#506 = PRODUCT('ampselector_PCB','ampselector_PCB','',(#507));
#507 = PRODUCT_CONTEXT('',#2,'mechanical');
#508 = PRODUCT_DEFINITION_CONTEXT('part definition',#2,'design');
#509 = ADVANCED_BREP_SHAPE_REPRESENTATION('',(#11,#510),#4730);
#510 = MANIFOLD_SOLID_BREP('',#511);
#511 = CLOSED_SHELL('',(#512,#552,#583,#614,#1765,#2916,#2928,#2945,
    #2962,#2979,#2996,#3013,#3030,#3047,#3064,#3081,#3098,#3115,#3132,
    #3149,#3166,#3183,#3200,#3217,#3234,#3251,#3268,#3285,#3302,#3319,
    #3336,#3353,#3370,#3387,#3404,#3421,#3438,#3455,#3472,#3489,#3506,
    #3523,#3540,#3557,#3574,#3591,#3608,#3625,#3642,#3659,#3676,#3693,
    #3710,#3727,#3744,#3761,#3778,#3795,#3812,#3829,#3846,#3863,#3880,
    #3897,#3914,#3931,#3948,#3965,#3982,#3999,#4016,#4033,#4050,#4067,
    #4084,#4101,#4118,#4135,#4152,#4169,#4186,#4203,#4220,#4237,#4254,
    #4276,#4293,#4310,#4322,#4339,#4356,#4373,#4390,#4412,#4429,#4446,
    #4458,#4475,#4492,#4509,#4531,#4548,#4565,#4577,#4594,#4611,#4628,
    #4645,#4667,#4684,#4701,#4713));
#512 = ADVANCED_FACE('',(#513),#547,.T.);
#513 = FACE_BOUND('',#514,.T.);
#514 = EDGE_LOOP('',(#515,#525,#533,#541));
#515 = ORIENTED_EDGE('',*,*,#516,.T.);
#516 = EDGE_CURVE('',#517,#519,#521,.T.);
#517 = VERTEX_POINT('',#518);
#518 = CARTESIAN_POINT('',(131.,-158.,0.));
#519 = VERTEX_POINT('',#520);
#520 = CARTESIAN_POINT('',(131.,-158.,1.51));
#521 = LINE('',#522,#523);
#522 = CARTESIAN_POINT('',(131.,-158.,0.));
#523 = VECTOR('',#524,1.);
#524 = DIRECTION('',(0.,0.,1.));
#525 = ORIENTED_EDGE('',*,*,#526,.T.);
#526 = EDGE_CURVE('',#519,#527,#529,.T.);
#527 = VERTEX_POINT('',#528);
#528 = CARTESIAN_POINT('',(46.,-158.,1.51));
#529 = LINE('',#530,#531);
#530 = CARTESIAN_POINT('',(131.,-158.,1.51));
#531 = VECTOR('',#532,1.);
#532 = DIRECTION('',(-1.,0.,0.));
#533 = ORIENTED_EDGE('',*,*,#534,.F.);
#534 = EDGE_CURVE('',#535,#527,#537,.T.);
#535 = VERTEX_POINT('',#536);
#536 = CARTESIAN_POINT('',(46.,-158.,0.));
#537 = LINE('',#538,#539);
#538 = CARTESIAN_POINT('',(46.,-158.,0.));
#539 = VECTOR('',#540,1.);
#540 = DIRECTION('',(0.,0.,1.));
#541 = ORIENTED_EDGE('',*,*,#542,.F.);
#542 = EDGE_CURVE('',#517,#535,#543,.T.);
#543 = LINE('',#544,#545);
#544 = CARTESIAN_POINT('',(131.,-158.,0.));
#545 = VECTOR('',#546,1.);
#546 = DIRECTION('',(-1.,0.,0.));
#547 = PLANE('',#548);
#548 = AXIS2_PLACEMENT_3D('',#549,#550,#551);
#549 = CARTESIAN_POINT('',(131.,-158.,0.));
#550 = DIRECTION('',(0.,-1.,0.));
#551 = DIRECTION('',(-1.,0.,0.));
#552 = ADVANCED_FACE('',(#553),#578,.T.);
#553 = FACE_BOUND('',#554,.T.);
#554 = EDGE_LOOP('',(#555,#565,#571,#572));
#555 = ORIENTED_EDGE('',*,*,#556,.T.);
#556 = EDGE_CURVE('',#557,#559,#561,.T.);
#557 = VERTEX_POINT('',#558);
#558 = CARTESIAN_POINT('',(131.,-58.,0.));
#559 = VERTEX_POINT('',#560);
#560 = CARTESIAN_POINT('',(131.,-58.,1.51));
#561 = LINE('',#562,#563);
#562 = CARTESIAN_POINT('',(131.,-58.,0.));
#563 = VECTOR('',#564,1.);
#564 = DIRECTION('',(0.,0.,1.));
#565 = ORIENTED_EDGE('',*,*,#566,.T.);
#566 = EDGE_CURVE('',#559,#519,#567,.T.);
#567 = LINE('',#568,#569);
#568 = CARTESIAN_POINT('',(131.,-58.,1.51));
#569 = VECTOR('',#570,1.);
#570 = DIRECTION('',(0.,-1.,0.));
#571 = ORIENTED_EDGE('',*,*,#516,.F.);
#572 = ORIENTED_EDGE('',*,*,#573,.F.);
#573 = EDGE_CURVE('',#557,#517,#574,.T.);
#574 = LINE('',#575,#576);
#575 = CARTESIAN_POINT('',(131.,-58.,0.));
#576 = VECTOR('',#577,1.);
#577 = DIRECTION('',(0.,-1.,0.));
#578 = PLANE('',#579);
#579 = AXIS2_PLACEMENT_3D('',#580,#581,#582);
#580 = CARTESIAN_POINT('',(131.,-58.,0.));
#581 = DIRECTION('',(1.,0.,-0.));
#582 = DIRECTION('',(0.,-1.,0.));
#583 = ADVANCED_FACE('',(#584),#609,.T.);
#584 = FACE_BOUND('',#585,.T.);
#585 = EDGE_LOOP('',(#586,#587,#595,#603));
#586 = ORIENTED_EDGE('',*,*,#534,.T.);
#587 = ORIENTED_EDGE('',*,*,#588,.T.);
#588 = EDGE_CURVE('',#527,#589,#591,.T.);
#589 = VERTEX_POINT('',#590);
#590 = CARTESIAN_POINT('',(46.,-58.,1.51));
#591 = LINE('',#592,#593);
#592 = CARTESIAN_POINT('',(46.,-158.,1.51));
#593 = VECTOR('',#594,1.);
#594 = DIRECTION('',(0.,1.,0.));
#595 = ORIENTED_EDGE('',*,*,#596,.F.);
#596 = EDGE_CURVE('',#597,#589,#599,.T.);
#597 = VERTEX_POINT('',#598);
#598 = CARTESIAN_POINT('',(46.,-58.,0.));
#599 = LINE('',#600,#601);
#600 = CARTESIAN_POINT('',(46.,-58.,0.));
#601 = VECTOR('',#602,1.);
#602 = DIRECTION('',(0.,0.,1.));
#603 = ORIENTED_EDGE('',*,*,#604,.F.);
#604 = EDGE_CURVE('',#535,#597,#605,.T.);
#605 = LINE('',#606,#607);
#606 = CARTESIAN_POINT('',(46.,-158.,0.));
#607 = VECTOR('',#608,1.);
#608 = DIRECTION('',(0.,1.,0.));
#609 = PLANE('',#610);
#610 = AXIS2_PLACEMENT_3D('',#611,#612,#613);
#611 = CARTESIAN_POINT('',(46.,-158.,0.));
#612 = DIRECTION('',(-1.,0.,0.));
#613 = DIRECTION('',(0.,1.,0.));
#614 = ADVANCED_FACE('',(#615,#626,#637,#648,#659,#670,#681,#692,#703,
    #714,#725,#736,#747,#758,#769,#780,#791,#802,#813,#824,#835,#846,
    #857,#868,#879,#890,#901,#912,#923,#934,#945,#956,#967,#978,#989,
    #1000,#1011,#1022,#1033,#1044,#1055,#1066,#1077,#1088,#1099,#1110,
    #1121,#1132,#1143,#1154,#1165,#1176,#1187,#1198,#1209,#1220,#1231,
    #1242,#1253,#1264,#1275,#1286,#1297,#1308,#1319,#1330,#1341,#1352,
    #1363,#1374,#1385,#1396,#1407,#1418,#1429,#1440,#1451,#1462,#1473,
    #1484,#1520,#1531,#1542,#1553,#1564,#1600,#1611,#1622,#1633,#1669,
    #1680,#1691,#1702,#1713,#1749),#1760,.F.);
#615 = FACE_BOUND('',#616,.F.);
#616 = EDGE_LOOP('',(#617,#618,#619,#625));
#617 = ORIENTED_EDGE('',*,*,#542,.F.);
#618 = ORIENTED_EDGE('',*,*,#573,.F.);
#619 = ORIENTED_EDGE('',*,*,#620,.F.);
#620 = EDGE_CURVE('',#597,#557,#621,.T.);
#621 = LINE('',#622,#623);
#622 = CARTESIAN_POINT('',(46.,-58.,0.));
#623 = VECTOR('',#624,1.);
#624 = DIRECTION('',(1.,0.,0.));
#625 = ORIENTED_EDGE('',*,*,#604,.F.);
#626 = FACE_BOUND('',#627,.F.);
#627 = EDGE_LOOP('',(#628));
#628 = ORIENTED_EDGE('',*,*,#629,.T.);
#629 = EDGE_CURVE('',#630,#630,#632,.T.);
#630 = VERTEX_POINT('',#631);
#631 = CARTESIAN_POINT('',(53.574286,-143.85,0.));
#632 = CIRCLE('',#633,0.85);
#633 = AXIS2_PLACEMENT_3D('',#634,#635,#636);
#634 = CARTESIAN_POINT('',(53.574286,-143.,0.));
#635 = DIRECTION('',(-0.,0.,-1.));
#636 = DIRECTION('',(-0.,-1.,0.));
#637 = FACE_BOUND('',#638,.F.);
#638 = EDGE_LOOP('',(#639));
#639 = ORIENTED_EDGE('',*,*,#640,.T.);
#640 = EDGE_CURVE('',#641,#641,#643,.T.);
#641 = VERTEX_POINT('',#642);
#642 = CARTESIAN_POINT('',(58.654286,-145.,0.));
#643 = CIRCLE('',#644,2.);
#644 = AXIS2_PLACEMENT_3D('',#645,#646,#647);
#645 = CARTESIAN_POINT('',(58.654286,-143.,0.));
#646 = DIRECTION('',(-0.,0.,-1.));
#647 = DIRECTION('',(-0.,-1.,0.));
#648 = FACE_BOUND('',#649,.F.);
#649 = EDGE_LOOP('',(#650));
#650 = ORIENTED_EDGE('',*,*,#651,.T.);
#651 = EDGE_CURVE('',#652,#652,#654,.T.);
#652 = VERTEX_POINT('',#653);
#653 = CARTESIAN_POINT('',(54.844286,-141.21,0.));
#654 = CIRCLE('',#655,0.75);
#655 = AXIS2_PLACEMENT_3D('',#656,#657,#658);
#656 = CARTESIAN_POINT('',(54.844286,-140.46,0.));
#657 = DIRECTION('',(-0.,0.,-1.));
#658 = DIRECTION('',(-0.,-1.,0.));
#659 = FACE_BOUND('',#660,.F.);
#660 = EDGE_LOOP('',(#661));
#661 = ORIENTED_EDGE('',*,*,#662,.T.);
#662 = EDGE_CURVE('',#663,#663,#665,.T.);
#663 = VERTEX_POINT('',#664);
#664 = CARTESIAN_POINT('',(63.734286,-143.85,0.));
#665 = CIRCLE('',#666,0.85);
#666 = AXIS2_PLACEMENT_3D('',#667,#668,#669);
#667 = CARTESIAN_POINT('',(63.734286,-143.,0.));
#668 = DIRECTION('',(-0.,0.,-1.));
#669 = DIRECTION('',(-8.35932630306E-15,-1.,0.));
#670 = FACE_BOUND('',#671,.F.);
#671 = EDGE_LOOP('',(#672));
#672 = ORIENTED_EDGE('',*,*,#673,.T.);
#673 = EDGE_CURVE('',#674,#674,#676,.T.);
#674 = VERTEX_POINT('',#675);
#675 = CARTESIAN_POINT('',(61.194286,-138.67,0.));
#676 = CIRCLE('',#677,0.75);
#677 = AXIS2_PLACEMENT_3D('',#678,#679,#680);
#678 = CARTESIAN_POINT('',(61.194286,-137.92,0.));
#679 = DIRECTION('',(-0.,0.,-1.));
#680 = DIRECTION('',(-0.,-1.,0.));
#681 = FACE_BOUND('',#682,.F.);
#682 = EDGE_LOOP('',(#683));
#683 = ORIENTED_EDGE('',*,*,#684,.T.);
#684 = EDGE_CURVE('',#685,#685,#687,.T.);
#685 = VERTEX_POINT('',#686);
#686 = CARTESIAN_POINT('',(49.5,-131.4,0.));
#687 = CIRCLE('',#688,0.4);
#688 = AXIS2_PLACEMENT_3D('',#689,#690,#691);
#689 = CARTESIAN_POINT('',(49.5,-131.,0.));
#690 = DIRECTION('',(-0.,0.,-1.));
#691 = DIRECTION('',(-0.,-1.,0.));
#692 = FACE_BOUND('',#693,.F.);
#693 = EDGE_LOOP('',(#694));
#694 = ORIENTED_EDGE('',*,*,#695,.T.);
#695 = EDGE_CURVE('',#696,#696,#698,.T.);
#696 = VERTEX_POINT('',#697);
#697 = CARTESIAN_POINT('',(57.12,-131.4,0.));
#698 = CIRCLE('',#699,0.4);
#699 = AXIS2_PLACEMENT_3D('',#700,#701,#702);
#700 = CARTESIAN_POINT('',(57.12,-131.,0.));
#701 = DIRECTION('',(-0.,0.,-1.));
#702 = DIRECTION('',(-1.7763568394E-14,-1.,0.));
#703 = FACE_BOUND('',#704,.F.);
#704 = EDGE_LOOP('',(#705));
#705 = ORIENTED_EDGE('',*,*,#706,.T.);
#706 = EDGE_CURVE('',#707,#707,#709,.T.);
#707 = VERTEX_POINT('',#708);
#708 = CARTESIAN_POINT('',(64.38,-131.4,0.));
#709 = CIRCLE('',#710,0.4);
#710 = AXIS2_PLACEMENT_3D('',#711,#712,#713);
#711 = CARTESIAN_POINT('',(64.38,-131.,0.));
#712 = DIRECTION('',(-0.,0.,-1.));
#713 = DIRECTION('',(-0.,-1.,0.));
#714 = FACE_BOUND('',#715,.F.);
#715 = EDGE_LOOP('',(#716));
#716 = ORIENTED_EDGE('',*,*,#717,.T.);
#717 = EDGE_CURVE('',#718,#718,#720,.T.);
#718 = VERTEX_POINT('',#719);
#719 = CARTESIAN_POINT('',(73.42,-143.85,0.));
#720 = CIRCLE('',#721,0.85);
#721 = AXIS2_PLACEMENT_3D('',#722,#723,#724);
#722 = CARTESIAN_POINT('',(73.42,-143.,0.));
#723 = DIRECTION('',(-0.,0.,-1.));
#724 = DIRECTION('',(1.671865260612E-14,-1.,-0.));
#725 = FACE_BOUND('',#726,.F.);
#726 = EDGE_LOOP('',(#727));
#727 = ORIENTED_EDGE('',*,*,#728,.T.);
#728 = EDGE_CURVE('',#729,#729,#731,.T.);
#729 = VERTEX_POINT('',#730);
#730 = CARTESIAN_POINT('',(78.5,-145.,0.));
#731 = CIRCLE('',#732,2.);
#732 = AXIS2_PLACEMENT_3D('',#733,#734,#735);
#733 = CARTESIAN_POINT('',(78.5,-143.,0.));
#734 = DIRECTION('',(-0.,0.,-1.));
#735 = DIRECTION('',(-0.,-1.,0.));
#736 = FACE_BOUND('',#737,.F.);
#737 = EDGE_LOOP('',(#738));
#738 = ORIENTED_EDGE('',*,*,#739,.T.);
#739 = EDGE_CURVE('',#740,#740,#742,.T.);
#740 = VERTEX_POINT('',#741);
#741 = CARTESIAN_POINT('',(74.69,-141.21,0.));
#742 = CIRCLE('',#743,0.75);
#743 = AXIS2_PLACEMENT_3D('',#744,#745,#746);
#744 = CARTESIAN_POINT('',(74.69,-140.46,0.));
#745 = DIRECTION('',(-0.,0.,-1.));
#746 = DIRECTION('',(-0.,-1.,0.));
#747 = FACE_BOUND('',#748,.F.);
#748 = EDGE_LOOP('',(#749));
#749 = ORIENTED_EDGE('',*,*,#750,.T.);
#750 = EDGE_CURVE('',#751,#751,#753,.T.);
#751 = VERTEX_POINT('',#752);
#752 = CARTESIAN_POINT('',(83.58,-143.85,0.));
#753 = CIRCLE('',#754,0.85);
#754 = AXIS2_PLACEMENT_3D('',#755,#756,#757);
#755 = CARTESIAN_POINT('',(83.58,-143.,0.));
#756 = DIRECTION('',(-0.,0.,-1.));
#757 = DIRECTION('',(-1.671865260612E-14,-1.,0.));
#758 = FACE_BOUND('',#759,.F.);
#759 = EDGE_LOOP('',(#760));
#760 = ORIENTED_EDGE('',*,*,#761,.T.);
#761 = EDGE_CURVE('',#762,#762,#764,.T.);
#762 = VERTEX_POINT('',#763);
#763 = CARTESIAN_POINT('',(81.04,-138.67,0.));
#764 = CIRCLE('',#765,0.75);
#765 = AXIS2_PLACEMENT_3D('',#766,#767,#768);
#766 = CARTESIAN_POINT('',(81.04,-137.92,0.));
#767 = DIRECTION('',(-0.,0.,-1.));
#768 = DIRECTION('',(-0.,-1.,0.));
#769 = FACE_BOUND('',#770,.F.);
#770 = EDGE_LOOP('',(#771));
#771 = ORIENTED_EDGE('',*,*,#772,.T.);
#772 = EDGE_CURVE('',#773,#773,#775,.T.);
#773 = VERTEX_POINT('',#774);
#774 = CARTESIAN_POINT('',(72.,-131.4,0.));
#775 = CIRCLE('',#776,0.4);
#776 = AXIS2_PLACEMENT_3D('',#777,#778,#779);
#777 = CARTESIAN_POINT('',(72.,-131.,0.));
#778 = DIRECTION('',(-0.,0.,-1.));
#779 = DIRECTION('',(-0.,-1.,0.));
#780 = FACE_BOUND('',#781,.F.);
#781 = EDGE_LOOP('',(#782));
#782 = ORIENTED_EDGE('',*,*,#783,.T.);
#783 = EDGE_CURVE('',#784,#784,#786,.T.);
#784 = VERTEX_POINT('',#785);
#785 = CARTESIAN_POINT('',(54.5,-121.9,0.));
#786 = CIRCLE('',#787,0.4);
#787 = AXIS2_PLACEMENT_3D('',#788,#789,#790);
#788 = CARTESIAN_POINT('',(54.5,-121.5,0.));
#789 = DIRECTION('',(-0.,0.,-1.));
#790 = DIRECTION('',(-0.,-1.,0.));
#791 = FACE_BOUND('',#792,.F.);
#792 = EDGE_LOOP('',(#793));
#793 = ORIENTED_EDGE('',*,*,#794,.T.);
#794 = EDGE_CURVE('',#795,#795,#797,.T.);
#795 = VERTEX_POINT('',#796);
#796 = CARTESIAN_POINT('',(54.5,-114.28,0.));
#797 = CIRCLE('',#798,0.4);
#798 = AXIS2_PLACEMENT_3D('',#799,#800,#801);
#799 = CARTESIAN_POINT('',(54.5,-113.88,0.));
#800 = DIRECTION('',(-0.,0.,-1.));
#801 = DIRECTION('',(-0.,-1.,0.));
#802 = FACE_BOUND('',#803,.F.);
#803 = EDGE_LOOP('',(#804));
#804 = ORIENTED_EDGE('',*,*,#805,.T.);
#805 = EDGE_CURVE('',#806,#806,#808,.T.);
#806 = VERTEX_POINT('',#807);
#807 = CARTESIAN_POINT('',(74.5,-121.4,0.));
#808 = CIRCLE('',#809,0.4);
#809 = AXIS2_PLACEMENT_3D('',#810,#811,#812);
#810 = CARTESIAN_POINT('',(74.5,-121.,0.));
#811 = DIRECTION('',(-0.,0.,-1.));
#812 = DIRECTION('',(-0.,-1.,0.));
#813 = FACE_BOUND('',#814,.F.);
#814 = EDGE_LOOP('',(#815));
#815 = ORIENTED_EDGE('',*,*,#816,.T.);
#816 = EDGE_CURVE('',#817,#817,#819,.T.);
#817 = VERTEX_POINT('',#818);
#818 = CARTESIAN_POINT('',(88.,-124.35,0.));
#819 = CIRCLE('',#820,1.35);
#820 = AXIS2_PLACEMENT_3D('',#821,#822,#823);
#821 = CARTESIAN_POINT('',(88.,-123.,0.));
#822 = DIRECTION('',(-0.,0.,-1.));
#823 = DIRECTION('',(-0.,-1.,0.));
#824 = FACE_BOUND('',#825,.F.);
#825 = EDGE_LOOP('',(#826));
#826 = ORIENTED_EDGE('',*,*,#827,.T.);
#827 = EDGE_CURVE('',#828,#828,#830,.T.);
#828 = VERTEX_POINT('',#829);
#829 = CARTESIAN_POINT('',(74.5,-113.78,0.));
#830 = CIRCLE('',#831,0.4);
#831 = AXIS2_PLACEMENT_3D('',#832,#833,#834);
#832 = CARTESIAN_POINT('',(74.5,-113.38,0.));
#833 = DIRECTION('',(-0.,0.,-1.));
#834 = DIRECTION('',(-0.,-1.,0.));
#835 = FACE_BOUND('',#836,.F.);
#836 = EDGE_LOOP('',(#837));
#837 = ORIENTED_EDGE('',*,*,#838,.T.);
#838 = EDGE_CURVE('',#839,#839,#841,.T.);
#839 = VERTEX_POINT('',#840);
#840 = CARTESIAN_POINT('',(93.265715,-143.85,0.));
#841 = CIRCLE('',#842,0.85);
#842 = AXIS2_PLACEMENT_3D('',#843,#844,#845);
#843 = CARTESIAN_POINT('',(93.265715,-143.,0.));
#844 = DIRECTION('',(-0.,0.,-1.));
#845 = DIRECTION('',(-0.,-1.,0.));
#846 = FACE_BOUND('',#847,.F.);
#847 = EDGE_LOOP('',(#848));
#848 = ORIENTED_EDGE('',*,*,#849,.T.);
#849 = EDGE_CURVE('',#850,#850,#852,.T.);
#850 = VERTEX_POINT('',#851);
#851 = CARTESIAN_POINT('',(98.345715,-145.,0.));
#852 = CIRCLE('',#853,2.);
#853 = AXIS2_PLACEMENT_3D('',#854,#855,#856);
#854 = CARTESIAN_POINT('',(98.345715,-143.,0.));
#855 = DIRECTION('',(-0.,0.,-1.));
#856 = DIRECTION('',(-0.,-1.,0.));
#857 = FACE_BOUND('',#858,.F.);
#858 = EDGE_LOOP('',(#859));
#859 = ORIENTED_EDGE('',*,*,#860,.T.);
#860 = EDGE_CURVE('',#861,#861,#863,.T.);
#861 = VERTEX_POINT('',#862);
#862 = CARTESIAN_POINT('',(94.535715,-141.21,0.));
#863 = CIRCLE('',#864,0.75);
#864 = AXIS2_PLACEMENT_3D('',#865,#866,#867);
#865 = CARTESIAN_POINT('',(94.535715,-140.46,0.));
#866 = DIRECTION('',(-0.,0.,-1.));
#867 = DIRECTION('',(-0.,-1.,0.));
#868 = FACE_BOUND('',#869,.F.);
#869 = EDGE_LOOP('',(#870));
#870 = ORIENTED_EDGE('',*,*,#871,.T.);
#871 = EDGE_CURVE('',#872,#872,#874,.T.);
#872 = VERTEX_POINT('',#873);
#873 = CARTESIAN_POINT('',(103.425715,-143.85,0.));
#874 = CIRCLE('',#875,0.85);
#875 = AXIS2_PLACEMENT_3D('',#876,#877,#878);
#876 = CARTESIAN_POINT('',(103.425715,-143.,0.));
#877 = DIRECTION('',(-0.,0.,-1.));
#878 = DIRECTION('',(-0.,-1.,0.));
#879 = FACE_BOUND('',#880,.F.);
#880 = EDGE_LOOP('',(#881));
#881 = ORIENTED_EDGE('',*,*,#882,.T.);
#882 = EDGE_CURVE('',#883,#883,#885,.T.);
#883 = VERTEX_POINT('',#884);
#884 = CARTESIAN_POINT('',(100.885715,-138.67,0.));
#885 = CIRCLE('',#886,0.75);
#886 = AXIS2_PLACEMENT_3D('',#887,#888,#889);
#887 = CARTESIAN_POINT('',(100.885715,-137.92,0.));
#888 = DIRECTION('',(-0.,0.,-1.));
#889 = DIRECTION('',(-0.,-1.,0.));
#890 = FACE_BOUND('',#891,.F.);
#891 = EDGE_LOOP('',(#892));
#892 = ORIENTED_EDGE('',*,*,#893,.T.);
#893 = EDGE_CURVE('',#894,#894,#896,.T.);
#894 = VERTEX_POINT('',#895);
#895 = CARTESIAN_POINT('',(92.88,-130.9,0.));
#896 = CIRCLE('',#897,0.4);
#897 = AXIS2_PLACEMENT_3D('',#898,#899,#900);
#898 = CARTESIAN_POINT('',(92.88,-130.5,0.));
#899 = DIRECTION('',(-0.,0.,-1.));
#900 = DIRECTION('',(-0.,-1.,0.));
#901 = FACE_BOUND('',#902,.F.);
#902 = EDGE_LOOP('',(#903));
#903 = ORIENTED_EDGE('',*,*,#904,.T.);
#904 = EDGE_CURVE('',#905,#905,#907,.T.);
#905 = VERTEX_POINT('',#906);
#906 = CARTESIAN_POINT('',(100.5,-130.9,0.));
#907 = CIRCLE('',#908,0.4);
#908 = AXIS2_PLACEMENT_3D('',#909,#910,#911);
#909 = CARTESIAN_POINT('',(100.5,-130.5,0.));
#910 = DIRECTION('',(-0.,0.,-1.));
#911 = DIRECTION('',(-0.,-1.,0.));
#912 = FACE_BOUND('',#913,.F.);
#913 = EDGE_LOOP('',(#914));
#914 = ORIENTED_EDGE('',*,*,#915,.T.);
#915 = EDGE_CURVE('',#916,#916,#918,.T.);
#916 = VERTEX_POINT('',#917);
#917 = CARTESIAN_POINT('',(113.111429,-143.85,0.));
#918 = CIRCLE('',#919,0.85);
#919 = AXIS2_PLACEMENT_3D('',#920,#921,#922);
#920 = CARTESIAN_POINT('',(113.111429,-143.,0.));
#921 = DIRECTION('',(-0.,0.,-1.));
#922 = DIRECTION('',(-0.,-1.,0.));
#923 = FACE_BOUND('',#924,.F.);
#924 = EDGE_LOOP('',(#925));
#925 = ORIENTED_EDGE('',*,*,#926,.T.);
#926 = EDGE_CURVE('',#927,#927,#929,.T.);
#927 = VERTEX_POINT('',#928);
#928 = CARTESIAN_POINT('',(118.191429,-145.,0.));
#929 = CIRCLE('',#930,2.);
#930 = AXIS2_PLACEMENT_3D('',#931,#932,#933);
#931 = CARTESIAN_POINT('',(118.191429,-143.,0.));
#932 = DIRECTION('',(-0.,0.,-1.));
#933 = DIRECTION('',(-0.,-1.,0.));
#934 = FACE_BOUND('',#935,.F.);
#935 = EDGE_LOOP('',(#936));
#936 = ORIENTED_EDGE('',*,*,#937,.T.);
#937 = EDGE_CURVE('',#938,#938,#940,.T.);
#938 = VERTEX_POINT('',#939);
#939 = CARTESIAN_POINT('',(114.381429,-141.21,0.));
#940 = CIRCLE('',#941,0.75);
#941 = AXIS2_PLACEMENT_3D('',#942,#943,#944);
#942 = CARTESIAN_POINT('',(114.381429,-140.46,0.));
#943 = DIRECTION('',(-0.,0.,-1.));
#944 = DIRECTION('',(-0.,-1.,0.));
#945 = FACE_BOUND('',#946,.F.);
#946 = EDGE_LOOP('',(#947));
#947 = ORIENTED_EDGE('',*,*,#948,.T.);
#948 = EDGE_CURVE('',#949,#949,#951,.T.);
#949 = VERTEX_POINT('',#950);
#950 = CARTESIAN_POINT('',(123.271429,-143.85,0.));
#951 = CIRCLE('',#952,0.85);
#952 = AXIS2_PLACEMENT_3D('',#953,#954,#955);
#953 = CARTESIAN_POINT('',(123.271429,-143.,0.));
#954 = DIRECTION('',(-0.,0.,-1.));
#955 = DIRECTION('',(-1.671865260612E-14,-1.,0.));
#956 = FACE_BOUND('',#957,.F.);
#957 = EDGE_LOOP('',(#958));
#958 = ORIENTED_EDGE('',*,*,#959,.T.);
#959 = EDGE_CURVE('',#960,#960,#962,.T.);
#960 = VERTEX_POINT('',#961);
#961 = CARTESIAN_POINT('',(120.731429,-138.67,0.));
#962 = CIRCLE('',#963,0.75);
#963 = AXIS2_PLACEMENT_3D('',#964,#965,#966);
#964 = CARTESIAN_POINT('',(120.731429,-137.92,0.));
#965 = DIRECTION('',(-0.,0.,-1.));
#966 = DIRECTION('',(-0.,-1.,0.));
#967 = FACE_BOUND('',#968,.F.);
#968 = EDGE_LOOP('',(#969));
#969 = ORIENTED_EDGE('',*,*,#970,.T.);
#970 = EDGE_CURVE('',#971,#971,#973,.T.);
#971 = VERTEX_POINT('',#972);
#972 = CARTESIAN_POINT('',(119.38,-131.4,0.));
#973 = CIRCLE('',#974,0.4);
#974 = AXIS2_PLACEMENT_3D('',#975,#976,#977);
#975 = CARTESIAN_POINT('',(119.38,-131.,0.));
#976 = DIRECTION('',(-0.,0.,-1.));
#977 = DIRECTION('',(-0.,-1.,0.));
#978 = FACE_BOUND('',#979,.F.);
#979 = EDGE_LOOP('',(#980));
#980 = ORIENTED_EDGE('',*,*,#981,.T.);
#981 = EDGE_CURVE('',#982,#982,#984,.T.);
#982 = VERTEX_POINT('',#983);
#983 = CARTESIAN_POINT('',(127.,-131.4,0.));
#984 = CIRCLE('',#985,0.4);
#985 = AXIS2_PLACEMENT_3D('',#986,#987,#988);
#986 = CARTESIAN_POINT('',(127.,-131.,0.));
#987 = DIRECTION('',(-0.,0.,-1.));
#988 = DIRECTION('',(-0.,-1.,0.));
#989 = FACE_BOUND('',#990,.F.);
#990 = EDGE_LOOP('',(#991));
#991 = ORIENTED_EDGE('',*,*,#992,.T.);
#992 = EDGE_CURVE('',#993,#993,#995,.T.);
#993 = VERTEX_POINT('',#994);
#994 = CARTESIAN_POINT('',(94.5,-121.21,0.));
#995 = CIRCLE('',#996,0.4);
#996 = AXIS2_PLACEMENT_3D('',#997,#998,#999);
#997 = CARTESIAN_POINT('',(94.5,-120.81,0.));
#998 = DIRECTION('',(-0.,0.,-1.));
#999 = DIRECTION('',(-0.,-1.,0.));
#1000 = FACE_BOUND('',#1001,.F.);
#1001 = EDGE_LOOP('',(#1002));
#1002 = ORIENTED_EDGE('',*,*,#1003,.T.);
#1003 = EDGE_CURVE('',#1004,#1004,#1006,.T.);
#1004 = VERTEX_POINT('',#1005);
#1005 = CARTESIAN_POINT('',(94.5,-113.59,0.));
#1006 = CIRCLE('',#1007,0.4);
#1007 = AXIS2_PLACEMENT_3D('',#1008,#1009,#1010);
#1008 = CARTESIAN_POINT('',(94.5,-113.19,0.));
#1009 = DIRECTION('',(-0.,0.,-1.));
#1010 = DIRECTION('',(-0.,-1.,0.));
#1011 = FACE_BOUND('',#1012,.F.);
#1012 = EDGE_LOOP('',(#1013));
#1013 = ORIENTED_EDGE('',*,*,#1014,.T.);
#1014 = EDGE_CURVE('',#1015,#1015,#1017,.T.);
#1015 = VERTEX_POINT('',#1016);
#1016 = CARTESIAN_POINT('',(115.,-121.71,0.));
#1017 = CIRCLE('',#1018,0.4);
#1018 = AXIS2_PLACEMENT_3D('',#1019,#1020,#1021);
#1019 = CARTESIAN_POINT('',(115.,-121.31,0.));
#1020 = DIRECTION('',(-0.,0.,-1.));
#1021 = DIRECTION('',(-0.,-1.,0.));
#1022 = FACE_BOUND('',#1023,.F.);
#1023 = EDGE_LOOP('',(#1024));
#1024 = ORIENTED_EDGE('',*,*,#1025,.T.);
#1025 = EDGE_CURVE('',#1026,#1026,#1028,.T.);
#1026 = VERTEX_POINT('',#1027);
#1027 = CARTESIAN_POINT('',(115.,-114.09,0.));
#1028 = CIRCLE('',#1029,0.4);
#1029 = AXIS2_PLACEMENT_3D('',#1030,#1031,#1032);
#1030 = CARTESIAN_POINT('',(115.,-113.69,0.));
#1031 = DIRECTION('',(-0.,0.,-1.));
#1032 = DIRECTION('',(-0.,-1.,0.));
#1033 = FACE_BOUND('',#1034,.F.);
#1034 = EDGE_LOOP('',(#1035));
#1035 = ORIENTED_EDGE('',*,*,#1036,.T.);
#1036 = EDGE_CURVE('',#1037,#1037,#1039,.T.);
#1037 = VERTEX_POINT('',#1038);
#1038 = CARTESIAN_POINT('',(53.574286,-102.35,0.));
#1039 = CIRCLE('',#1040,0.85);
#1040 = AXIS2_PLACEMENT_3D('',#1041,#1042,#1043);
#1041 = CARTESIAN_POINT('',(53.574286,-101.5,0.));
#1042 = DIRECTION('',(-0.,0.,-1.));
#1043 = DIRECTION('',(-0.,-1.,0.));
#1044 = FACE_BOUND('',#1045,.F.);
#1045 = EDGE_LOOP('',(#1046));
#1046 = ORIENTED_EDGE('',*,*,#1047,.T.);
#1047 = EDGE_CURVE('',#1048,#1048,#1050,.T.);
#1048 = VERTEX_POINT('',#1049);
#1049 = CARTESIAN_POINT('',(54.844286,-99.71,0.));
#1050 = CIRCLE('',#1051,0.75);
#1051 = AXIS2_PLACEMENT_3D('',#1052,#1053,#1054);
#1052 = CARTESIAN_POINT('',(54.844286,-98.96,0.));
#1053 = DIRECTION('',(-0.,0.,-1.));
#1054 = DIRECTION('',(-0.,-1.,0.));
#1055 = FACE_BOUND('',#1056,.F.);
#1056 = EDGE_LOOP('',(#1057));
#1057 = ORIENTED_EDGE('',*,*,#1058,.T.);
#1058 = EDGE_CURVE('',#1059,#1059,#1061,.T.);
#1059 = VERTEX_POINT('',#1060);
#1060 = CARTESIAN_POINT('',(58.654286,-103.5,0.));
#1061 = CIRCLE('',#1062,2.);
#1062 = AXIS2_PLACEMENT_3D('',#1063,#1064,#1065);
#1063 = CARTESIAN_POINT('',(58.654286,-101.5,0.));
#1064 = DIRECTION('',(-0.,0.,-1.));
#1065 = DIRECTION('',(-0.,-1.,0.));
#1066 = FACE_BOUND('',#1067,.F.);
#1067 = EDGE_LOOP('',(#1068));
#1068 = ORIENTED_EDGE('',*,*,#1069,.T.);
#1069 = EDGE_CURVE('',#1070,#1070,#1072,.T.);
#1070 = VERTEX_POINT('',#1071);
#1071 = CARTESIAN_POINT('',(63.734286,-102.35,0.));
#1072 = CIRCLE('',#1073,0.85);
#1073 = AXIS2_PLACEMENT_3D('',#1074,#1075,#1076);
#1074 = CARTESIAN_POINT('',(63.734286,-101.5,0.));
#1075 = DIRECTION('',(-0.,0.,-1.));
#1076 = DIRECTION('',(-8.35932630306E-15,-1.,0.));
#1077 = FACE_BOUND('',#1078,.F.);
#1078 = EDGE_LOOP('',(#1079));
#1079 = ORIENTED_EDGE('',*,*,#1080,.T.);
#1080 = EDGE_CURVE('',#1081,#1081,#1083,.T.);
#1081 = VERTEX_POINT('',#1082);
#1082 = CARTESIAN_POINT('',(61.194286,-97.17,0.));
#1083 = CIRCLE('',#1084,0.75);
#1084 = AXIS2_PLACEMENT_3D('',#1085,#1086,#1087);
#1085 = CARTESIAN_POINT('',(61.194286,-96.42,0.));
#1086 = DIRECTION('',(-0.,0.,-1.));
#1087 = DIRECTION('',(-0.,-1.,0.));
#1088 = FACE_BOUND('',#1089,.F.);
#1089 = EDGE_LOOP('',(#1090));
#1090 = ORIENTED_EDGE('',*,*,#1091,.T.);
#1091 = EDGE_CURVE('',#1092,#1092,#1094,.T.);
#1092 = VERTEX_POINT('',#1093);
#1093 = CARTESIAN_POINT('',(49.38,-91.625,0.));
#1094 = CIRCLE('',#1095,0.5);
#1095 = AXIS2_PLACEMENT_3D('',#1096,#1097,#1098);
#1096 = CARTESIAN_POINT('',(49.38,-91.125,0.));
#1097 = DIRECTION('',(-0.,0.,-1.));
#1098 = DIRECTION('',(-0.,-1.,0.));
#1099 = FACE_BOUND('',#1100,.F.);
#1100 = EDGE_LOOP('',(#1101));
#1101 = ORIENTED_EDGE('',*,*,#1102,.T.);
#1102 = EDGE_CURVE('',#1103,#1103,#1105,.T.);
#1103 = VERTEX_POINT('',#1104);
#1104 = CARTESIAN_POINT('',(51.92,-91.625,0.));
#1105 = CIRCLE('',#1106,0.5);
#1106 = AXIS2_PLACEMENT_3D('',#1107,#1108,#1109);
#1107 = CARTESIAN_POINT('',(51.92,-91.125,0.));
#1108 = DIRECTION('',(-0.,0.,-1.));
#1109 = DIRECTION('',(-0.,-1.,0.));
#1110 = FACE_BOUND('',#1111,.F.);
#1111 = EDGE_LOOP('',(#1112));
#1112 = ORIENTED_EDGE('',*,*,#1113,.T.);
#1113 = EDGE_CURVE('',#1114,#1114,#1116,.T.);
#1114 = VERTEX_POINT('',#1115);
#1115 = CARTESIAN_POINT('',(54.46,-91.625,0.));
#1116 = CIRCLE('',#1117,0.5);
#1117 = AXIS2_PLACEMENT_3D('',#1118,#1119,#1120);
#1118 = CARTESIAN_POINT('',(54.46,-91.125,0.));
#1119 = DIRECTION('',(-0.,0.,-1.));
#1120 = DIRECTION('',(-0.,-1.,0.));
#1121 = FACE_BOUND('',#1122,.F.);
#1122 = EDGE_LOOP('',(#1123));
#1123 = ORIENTED_EDGE('',*,*,#1124,.T.);
#1124 = EDGE_CURVE('',#1125,#1125,#1127,.T.);
#1125 = VERTEX_POINT('',#1126);
#1126 = CARTESIAN_POINT('',(57.,-91.625,0.));
#1127 = CIRCLE('',#1128,0.5);
#1128 = AXIS2_PLACEMENT_3D('',#1129,#1130,#1131);
#1129 = CARTESIAN_POINT('',(57.,-91.125,0.));
#1130 = DIRECTION('',(-0.,0.,-1.));
#1131 = DIRECTION('',(-0.,-1.,0.));
#1132 = FACE_BOUND('',#1133,.F.);
#1133 = EDGE_LOOP('',(#1134));
#1134 = ORIENTED_EDGE('',*,*,#1135,.T.);
#1135 = EDGE_CURVE('',#1136,#1136,#1138,.T.);
#1136 = VERTEX_POINT('',#1137);
#1137 = CARTESIAN_POINT('',(59.54,-91.625,0.));
#1138 = CIRCLE('',#1139,0.5);
#1139 = AXIS2_PLACEMENT_3D('',#1140,#1141,#1142);
#1140 = CARTESIAN_POINT('',(59.54,-91.125,0.));
#1141 = DIRECTION('',(-0.,0.,-1.));
#1142 = DIRECTION('',(-0.,-1.,0.));
#1143 = FACE_BOUND('',#1144,.F.);
#1144 = EDGE_LOOP('',(#1145));
#1145 = ORIENTED_EDGE('',*,*,#1146,.T.);
#1146 = EDGE_CURVE('',#1147,#1147,#1149,.T.);
#1147 = VERTEX_POINT('',#1148);
#1148 = CARTESIAN_POINT('',(62.08,-91.625,0.));
#1149 = CIRCLE('',#1150,0.5);
#1150 = AXIS2_PLACEMENT_3D('',#1151,#1152,#1153);
#1151 = CARTESIAN_POINT('',(62.08,-91.125,0.));
#1152 = DIRECTION('',(-0.,0.,-1.));
#1153 = DIRECTION('',(-0.,-1.,0.));
#1154 = FACE_BOUND('',#1155,.F.);
#1155 = EDGE_LOOP('',(#1156));
#1156 = ORIENTED_EDGE('',*,*,#1157,.T.);
#1157 = EDGE_CURVE('',#1158,#1158,#1160,.T.);
#1158 = VERTEX_POINT('',#1159);
#1159 = CARTESIAN_POINT('',(64.62,-91.625,0.));
#1160 = CIRCLE('',#1161,0.5);
#1161 = AXIS2_PLACEMENT_3D('',#1162,#1163,#1164);
#1162 = CARTESIAN_POINT('',(64.62,-91.125,0.));
#1163 = DIRECTION('',(-0.,0.,-1.));
#1164 = DIRECTION('',(-0.,-1.,0.));
#1165 = FACE_BOUND('',#1166,.F.);
#1166 = EDGE_LOOP('',(#1167));
#1167 = ORIENTED_EDGE('',*,*,#1168,.T.);
#1168 = EDGE_CURVE('',#1169,#1169,#1171,.T.);
#1169 = VERTEX_POINT('',#1170);
#1170 = CARTESIAN_POINT('',(73.42,-102.35,0.));
#1171 = CIRCLE('',#1172,0.85);
#1172 = AXIS2_PLACEMENT_3D('',#1173,#1174,#1175);
#1173 = CARTESIAN_POINT('',(73.42,-101.5,0.));
#1174 = DIRECTION('',(-0.,0.,-1.));
#1175 = DIRECTION('',(1.671865260612E-14,-1.,-0.));
#1176 = FACE_BOUND('',#1177,.F.);
#1177 = EDGE_LOOP('',(#1178));
#1178 = ORIENTED_EDGE('',*,*,#1179,.T.);
#1179 = EDGE_CURVE('',#1180,#1180,#1182,.T.);
#1180 = VERTEX_POINT('',#1181);
#1181 = CARTESIAN_POINT('',(74.69,-99.71,0.));
#1182 = CIRCLE('',#1183,0.75);
#1183 = AXIS2_PLACEMENT_3D('',#1184,#1185,#1186);
#1184 = CARTESIAN_POINT('',(74.69,-98.96,0.));
#1185 = DIRECTION('',(-0.,0.,-1.));
#1186 = DIRECTION('',(-0.,-1.,0.));
#1187 = FACE_BOUND('',#1188,.F.);
#1188 = EDGE_LOOP('',(#1189));
#1189 = ORIENTED_EDGE('',*,*,#1190,.T.);
#1190 = EDGE_CURVE('',#1191,#1191,#1193,.T.);
#1191 = VERTEX_POINT('',#1192);
#1192 = CARTESIAN_POINT('',(78.5,-103.5,0.));
#1193 = CIRCLE('',#1194,2.);
#1194 = AXIS2_PLACEMENT_3D('',#1195,#1196,#1197);
#1195 = CARTESIAN_POINT('',(78.5,-101.5,0.));
#1196 = DIRECTION('',(-0.,0.,-1.));
#1197 = DIRECTION('',(-0.,-1.,0.));
#1198 = FACE_BOUND('',#1199,.F.);
#1199 = EDGE_LOOP('',(#1200));
#1200 = ORIENTED_EDGE('',*,*,#1201,.T.);
#1201 = EDGE_CURVE('',#1202,#1202,#1204,.T.);
#1202 = VERTEX_POINT('',#1203);
#1203 = CARTESIAN_POINT('',(83.58,-102.35,0.));
#1204 = CIRCLE('',#1205,0.85);
#1205 = AXIS2_PLACEMENT_3D('',#1206,#1207,#1208);
#1206 = CARTESIAN_POINT('',(83.58,-101.5,0.));
#1207 = DIRECTION('',(-0.,0.,-1.));
#1208 = DIRECTION('',(-1.671865260612E-14,-1.,0.));
#1209 = FACE_BOUND('',#1210,.F.);
#1210 = EDGE_LOOP('',(#1211));
#1211 = ORIENTED_EDGE('',*,*,#1212,.T.);
#1212 = EDGE_CURVE('',#1213,#1213,#1215,.T.);
#1213 = VERTEX_POINT('',#1214);
#1214 = CARTESIAN_POINT('',(81.04,-97.17,0.));
#1215 = CIRCLE('',#1216,0.75);
#1216 = AXIS2_PLACEMENT_3D('',#1217,#1218,#1219);
#1217 = CARTESIAN_POINT('',(81.04,-96.42,0.));
#1218 = DIRECTION('',(-0.,0.,-1.));
#1219 = DIRECTION('',(-0.,-1.,0.));
#1220 = FACE_BOUND('',#1221,.F.);
#1221 = EDGE_LOOP('',(#1222));
#1222 = ORIENTED_EDGE('',*,*,#1223,.T.);
#1223 = EDGE_CURVE('',#1224,#1224,#1226,.T.);
#1224 = VERTEX_POINT('',#1225);
#1225 = CARTESIAN_POINT('',(88.,-87.35,0.));
#1226 = CIRCLE('',#1227,1.35);
#1227 = AXIS2_PLACEMENT_3D('',#1228,#1229,#1230);
#1228 = CARTESIAN_POINT('',(88.,-86.,0.));
#1229 = DIRECTION('',(-0.,0.,-1.));
#1230 = DIRECTION('',(-0.,-1.,0.));
#1231 = FACE_BOUND('',#1232,.F.);
#1232 = EDGE_LOOP('',(#1233));
#1233 = ORIENTED_EDGE('',*,*,#1234,.T.);
#1234 = EDGE_CURVE('',#1235,#1235,#1237,.T.);
#1235 = VERTEX_POINT('',#1236);
#1236 = CARTESIAN_POINT('',(49.38,-76.375,0.));
#1237 = CIRCLE('',#1238,0.5);
#1238 = AXIS2_PLACEMENT_3D('',#1239,#1240,#1241);
#1239 = CARTESIAN_POINT('',(49.38,-75.875,0.));
#1240 = DIRECTION('',(-0.,0.,-1.));
#1241 = DIRECTION('',(-0.,-1.,0.));
#1242 = FACE_BOUND('',#1243,.F.);
#1243 = EDGE_LOOP('',(#1244));
#1244 = ORIENTED_EDGE('',*,*,#1245,.T.);
#1245 = EDGE_CURVE('',#1246,#1246,#1248,.T.);
#1246 = VERTEX_POINT('',#1247);
#1247 = CARTESIAN_POINT('',(51.92,-76.375,0.));
#1248 = CIRCLE('',#1249,0.5);
#1249 = AXIS2_PLACEMENT_3D('',#1250,#1251,#1252);
#1250 = CARTESIAN_POINT('',(51.92,-75.875,0.));
#1251 = DIRECTION('',(-0.,0.,-1.));
#1252 = DIRECTION('',(-0.,-1.,0.));
#1253 = FACE_BOUND('',#1254,.F.);
#1254 = EDGE_LOOP('',(#1255));
#1255 = ORIENTED_EDGE('',*,*,#1256,.T.);
#1256 = EDGE_CURVE('',#1257,#1257,#1259,.T.);
#1257 = VERTEX_POINT('',#1258);
#1258 = CARTESIAN_POINT('',(54.46,-76.375,0.));
#1259 = CIRCLE('',#1260,0.5);
#1260 = AXIS2_PLACEMENT_3D('',#1261,#1262,#1263);
#1261 = CARTESIAN_POINT('',(54.46,-75.875,0.));
#1262 = DIRECTION('',(-0.,0.,-1.));
#1263 = DIRECTION('',(-0.,-1.,0.));
#1264 = FACE_BOUND('',#1265,.F.);
#1265 = EDGE_LOOP('',(#1266));
#1266 = ORIENTED_EDGE('',*,*,#1267,.T.);
#1267 = EDGE_CURVE('',#1268,#1268,#1270,.T.);
#1268 = VERTEX_POINT('',#1269);
#1269 = CARTESIAN_POINT('',(57.,-76.375,0.));
#1270 = CIRCLE('',#1271,0.5);
#1271 = AXIS2_PLACEMENT_3D('',#1272,#1273,#1274);
#1272 = CARTESIAN_POINT('',(57.,-75.875,0.));
#1273 = DIRECTION('',(-0.,0.,-1.));
#1274 = DIRECTION('',(-0.,-1.,0.));
#1275 = FACE_BOUND('',#1276,.F.);
#1276 = EDGE_LOOP('',(#1277));
#1277 = ORIENTED_EDGE('',*,*,#1278,.T.);
#1278 = EDGE_CURVE('',#1279,#1279,#1281,.T.);
#1279 = VERTEX_POINT('',#1280);
#1280 = CARTESIAN_POINT('',(59.54,-76.375,0.));
#1281 = CIRCLE('',#1282,0.5);
#1282 = AXIS2_PLACEMENT_3D('',#1283,#1284,#1285);
#1283 = CARTESIAN_POINT('',(59.54,-75.875,0.));
#1284 = DIRECTION('',(-0.,0.,-1.));
#1285 = DIRECTION('',(-0.,-1.,0.));
#1286 = FACE_BOUND('',#1287,.F.);
#1287 = EDGE_LOOP('',(#1288));
#1288 = ORIENTED_EDGE('',*,*,#1289,.T.);
#1289 = EDGE_CURVE('',#1290,#1290,#1292,.T.);
#1290 = VERTEX_POINT('',#1291);
#1291 = CARTESIAN_POINT('',(62.08,-76.375,0.));
#1292 = CIRCLE('',#1293,0.5);
#1293 = AXIS2_PLACEMENT_3D('',#1294,#1295,#1296);
#1294 = CARTESIAN_POINT('',(62.08,-75.875,0.));
#1295 = DIRECTION('',(-0.,0.,-1.));
#1296 = DIRECTION('',(-0.,-1.,0.));
#1297 = FACE_BOUND('',#1298,.F.);
#1298 = EDGE_LOOP('',(#1299));
#1299 = ORIENTED_EDGE('',*,*,#1300,.T.);
#1300 = EDGE_CURVE('',#1301,#1301,#1303,.T.);
#1301 = VERTEX_POINT('',#1302);
#1302 = CARTESIAN_POINT('',(64.62,-76.375,0.));
#1303 = CIRCLE('',#1304,0.5);
#1304 = AXIS2_PLACEMENT_3D('',#1305,#1306,#1307);
#1305 = CARTESIAN_POINT('',(64.62,-75.875,0.));
#1306 = DIRECTION('',(-0.,0.,-1.));
#1307 = DIRECTION('',(-0.,-1.,0.));
#1308 = FACE_BOUND('',#1309,.F.);
#1309 = EDGE_LOOP('',(#1310));
#1310 = ORIENTED_EDGE('',*,*,#1311,.T.);
#1311 = EDGE_CURVE('',#1312,#1312,#1314,.T.);
#1312 = VERTEX_POINT('',#1313);
#1313 = CARTESIAN_POINT('',(86.,-73.,0.));
#1314 = CIRCLE('',#1315,0.5);
#1315 = AXIS2_PLACEMENT_3D('',#1316,#1317,#1318);
#1316 = CARTESIAN_POINT('',(86.,-72.5,0.));
#1317 = DIRECTION('',(-0.,0.,-1.));
#1318 = DIRECTION('',(-0.,-1.,0.));
#1319 = FACE_BOUND('',#1320,.F.);
#1320 = EDGE_LOOP('',(#1321));
#1321 = ORIENTED_EDGE('',*,*,#1322,.T.);
#1322 = EDGE_CURVE('',#1323,#1323,#1325,.T.);
#1323 = VERTEX_POINT('',#1324);
#1324 = CARTESIAN_POINT('',(86.,-70.46,0.));
#1325 = CIRCLE('',#1326,0.5);
#1326 = AXIS2_PLACEMENT_3D('',#1327,#1328,#1329);
#1327 = CARTESIAN_POINT('',(86.,-69.96,0.));
#1328 = DIRECTION('',(-0.,0.,-1.));
#1329 = DIRECTION('',(-0.,-1.,0.));
#1330 = FACE_BOUND('',#1331,.F.);
#1331 = EDGE_LOOP('',(#1332));
#1332 = ORIENTED_EDGE('',*,*,#1333,.T.);
#1333 = EDGE_CURVE('',#1334,#1334,#1336,.T.);
#1334 = VERTEX_POINT('',#1335);
#1335 = CARTESIAN_POINT('',(86.,-67.92,0.));
#1336 = CIRCLE('',#1337,0.5);
#1337 = AXIS2_PLACEMENT_3D('',#1338,#1339,#1340);
#1338 = CARTESIAN_POINT('',(86.,-67.42,0.));
#1339 = DIRECTION('',(-0.,0.,-1.));
#1340 = DIRECTION('',(-0.,-1.,0.));
#1341 = FACE_BOUND('',#1342,.F.);
#1342 = EDGE_LOOP('',(#1343));
#1343 = ORIENTED_EDGE('',*,*,#1344,.T.);
#1344 = EDGE_CURVE('',#1345,#1345,#1347,.T.);
#1345 = VERTEX_POINT('',#1346);
#1346 = CARTESIAN_POINT('',(86.,-65.38,0.));
#1347 = CIRCLE('',#1348,0.5);
#1348 = AXIS2_PLACEMENT_3D('',#1349,#1350,#1351);
#1349 = CARTESIAN_POINT('',(86.,-64.88,0.));
#1350 = DIRECTION('',(-0.,0.,-1.));
#1351 = DIRECTION('',(-0.,-1.,0.));
#1352 = FACE_BOUND('',#1353,.F.);
#1353 = EDGE_LOOP('',(#1354));
#1354 = ORIENTED_EDGE('',*,*,#1355,.T.);
#1355 = EDGE_CURVE('',#1356,#1356,#1358,.T.);
#1356 = VERTEX_POINT('',#1357);
#1357 = CARTESIAN_POINT('',(93.265715,-102.35,0.));
#1358 = CIRCLE('',#1359,0.85);
#1359 = AXIS2_PLACEMENT_3D('',#1360,#1361,#1362);
#1360 = CARTESIAN_POINT('',(93.265715,-101.5,0.));
#1361 = DIRECTION('',(-0.,0.,-1.));
#1362 = DIRECTION('',(-0.,-1.,0.));
#1363 = FACE_BOUND('',#1364,.F.);
#1364 = EDGE_LOOP('',(#1365));
#1365 = ORIENTED_EDGE('',*,*,#1366,.T.);
#1366 = EDGE_CURVE('',#1367,#1367,#1369,.T.);
#1367 = VERTEX_POINT('',#1368);
#1368 = CARTESIAN_POINT('',(94.535715,-99.71,0.));
#1369 = CIRCLE('',#1370,0.75);
#1370 = AXIS2_PLACEMENT_3D('',#1371,#1372,#1373);
#1371 = CARTESIAN_POINT('',(94.535715,-98.96,0.));
#1372 = DIRECTION('',(-0.,0.,-1.));
#1373 = DIRECTION('',(-0.,-1.,0.));
#1374 = FACE_BOUND('',#1375,.F.);
#1375 = EDGE_LOOP('',(#1376));
#1376 = ORIENTED_EDGE('',*,*,#1377,.T.);
#1377 = EDGE_CURVE('',#1378,#1378,#1380,.T.);
#1378 = VERTEX_POINT('',#1379);
#1379 = CARTESIAN_POINT('',(98.345715,-103.5,0.));
#1380 = CIRCLE('',#1381,2.);
#1381 = AXIS2_PLACEMENT_3D('',#1382,#1383,#1384);
#1382 = CARTESIAN_POINT('',(98.345715,-101.5,0.));
#1383 = DIRECTION('',(-0.,0.,-1.));
#1384 = DIRECTION('',(-0.,-1.,0.));
#1385 = FACE_BOUND('',#1386,.F.);
#1386 = EDGE_LOOP('',(#1387));
#1387 = ORIENTED_EDGE('',*,*,#1388,.T.);
#1388 = EDGE_CURVE('',#1389,#1389,#1391,.T.);
#1389 = VERTEX_POINT('',#1390);
#1390 = CARTESIAN_POINT('',(103.425715,-102.35,0.));
#1391 = CIRCLE('',#1392,0.85);
#1392 = AXIS2_PLACEMENT_3D('',#1393,#1394,#1395);
#1393 = CARTESIAN_POINT('',(103.425715,-101.5,0.));
#1394 = DIRECTION('',(-0.,0.,-1.));
#1395 = DIRECTION('',(-0.,-1.,0.));
#1396 = FACE_BOUND('',#1397,.F.);
#1397 = EDGE_LOOP('',(#1398));
#1398 = ORIENTED_EDGE('',*,*,#1399,.T.);
#1399 = EDGE_CURVE('',#1400,#1400,#1402,.T.);
#1400 = VERTEX_POINT('',#1401);
#1401 = CARTESIAN_POINT('',(100.885715,-97.17,0.));
#1402 = CIRCLE('',#1403,0.75);
#1403 = AXIS2_PLACEMENT_3D('',#1404,#1405,#1406);
#1404 = CARTESIAN_POINT('',(100.885715,-96.42,0.));
#1405 = DIRECTION('',(-0.,0.,-1.));
#1406 = DIRECTION('',(-0.,-1.,0.));
#1407 = FACE_BOUND('',#1408,.F.);
#1408 = EDGE_LOOP('',(#1409));
#1409 = ORIENTED_EDGE('',*,*,#1410,.T.);
#1410 = EDGE_CURVE('',#1411,#1411,#1413,.T.);
#1411 = VERTEX_POINT('',#1412);
#1412 = CARTESIAN_POINT('',(113.111429,-102.35,0.));
#1413 = CIRCLE('',#1414,0.85);
#1414 = AXIS2_PLACEMENT_3D('',#1415,#1416,#1417);
#1415 = CARTESIAN_POINT('',(113.111429,-101.5,0.));
#1416 = DIRECTION('',(-0.,0.,-1.));
#1417 = DIRECTION('',(-0.,-1.,0.));
#1418 = FACE_BOUND('',#1419,.F.);
#1419 = EDGE_LOOP('',(#1420));
#1420 = ORIENTED_EDGE('',*,*,#1421,.T.);
#1421 = EDGE_CURVE('',#1422,#1422,#1424,.T.);
#1422 = VERTEX_POINT('',#1423);
#1423 = CARTESIAN_POINT('',(114.381429,-99.71,0.));
#1424 = CIRCLE('',#1425,0.75);
#1425 = AXIS2_PLACEMENT_3D('',#1426,#1427,#1428);
#1426 = CARTESIAN_POINT('',(114.381429,-98.96,0.));
#1427 = DIRECTION('',(-0.,0.,-1.));
#1428 = DIRECTION('',(-0.,-1.,0.));
#1429 = FACE_BOUND('',#1430,.F.);
#1430 = EDGE_LOOP('',(#1431));
#1431 = ORIENTED_EDGE('',*,*,#1432,.T.);
#1432 = EDGE_CURVE('',#1433,#1433,#1435,.T.);
#1433 = VERTEX_POINT('',#1434);
#1434 = CARTESIAN_POINT('',(118.191429,-103.5,0.));
#1435 = CIRCLE('',#1436,2.);
#1436 = AXIS2_PLACEMENT_3D('',#1437,#1438,#1439);
#1437 = CARTESIAN_POINT('',(118.191429,-101.5,0.));
#1438 = DIRECTION('',(-0.,0.,-1.));
#1439 = DIRECTION('',(-0.,-1.,0.));
#1440 = FACE_BOUND('',#1441,.F.);
#1441 = EDGE_LOOP('',(#1442));
#1442 = ORIENTED_EDGE('',*,*,#1443,.T.);
#1443 = EDGE_CURVE('',#1444,#1444,#1446,.T.);
#1444 = VERTEX_POINT('',#1445);
#1445 = CARTESIAN_POINT('',(123.271429,-102.35,0.));
#1446 = CIRCLE('',#1447,0.85);
#1447 = AXIS2_PLACEMENT_3D('',#1448,#1449,#1450);
#1448 = CARTESIAN_POINT('',(123.271429,-101.5,0.));
#1449 = DIRECTION('',(-0.,0.,-1.));
#1450 = DIRECTION('',(-1.671865260612E-14,-1.,0.));
#1451 = FACE_BOUND('',#1452,.F.);
#1452 = EDGE_LOOP('',(#1453));
#1453 = ORIENTED_EDGE('',*,*,#1454,.T.);
#1454 = EDGE_CURVE('',#1455,#1455,#1457,.T.);
#1455 = VERTEX_POINT('',#1456);
#1456 = CARTESIAN_POINT('',(120.731429,-97.17,0.));
#1457 = CIRCLE('',#1458,0.75);
#1458 = AXIS2_PLACEMENT_3D('',#1459,#1460,#1461);
#1459 = CARTESIAN_POINT('',(120.731429,-96.42,0.));
#1460 = DIRECTION('',(-0.,0.,-1.));
#1461 = DIRECTION('',(-0.,-1.,0.));
#1462 = FACE_BOUND('',#1463,.F.);
#1463 = EDGE_LOOP('',(#1464));
#1464 = ORIENTED_EDGE('',*,*,#1465,.T.);
#1465 = EDGE_CURVE('',#1466,#1466,#1468,.T.);
#1466 = VERTEX_POINT('',#1467);
#1467 = CARTESIAN_POINT('',(99.38,-81.09,0.));
#1468 = CIRCLE('',#1469,0.4);
#1469 = AXIS2_PLACEMENT_3D('',#1470,#1471,#1472);
#1470 = CARTESIAN_POINT('',(99.38,-80.69,0.));
#1471 = DIRECTION('',(-0.,0.,-1.));
#1472 = DIRECTION('',(-0.,-1.,0.));
#1473 = FACE_BOUND('',#1474,.F.);
#1474 = EDGE_LOOP('',(#1475));
#1475 = ORIENTED_EDGE('',*,*,#1476,.T.);
#1476 = EDGE_CURVE('',#1477,#1477,#1479,.T.);
#1477 = VERTEX_POINT('',#1478);
#1478 = CARTESIAN_POINT('',(107.,-81.09,0.));
#1479 = CIRCLE('',#1480,0.4);
#1480 = AXIS2_PLACEMENT_3D('',#1481,#1482,#1483);
#1481 = CARTESIAN_POINT('',(107.,-80.69,0.));
#1482 = DIRECTION('',(-0.,0.,-1.));
#1483 = DIRECTION('',(-0.,-1.,0.));
#1484 = FACE_BOUND('',#1485,.F.);
#1485 = EDGE_LOOP('',(#1486,#1497,#1505,#1514));
#1486 = ORIENTED_EDGE('',*,*,#1487,.T.);
#1487 = EDGE_CURVE('',#1488,#1490,#1492,.T.);
#1488 = VERTEX_POINT('',#1489);
#1489 = CARTESIAN_POINT('',(101.65,-74.35,0.));
#1490 = VERTEX_POINT('',#1491);
#1491 = CARTESIAN_POINT('',(101.65,-75.85,0.));
#1492 = CIRCLE('',#1493,0.75);
#1493 = AXIS2_PLACEMENT_3D('',#1494,#1495,#1496);
#1494 = CARTESIAN_POINT('',(101.65,-75.1,0.));
#1495 = DIRECTION('',(-0.,0.,-1.));
#1496 = DIRECTION('',(-0.,-1.,0.));
#1497 = ORIENTED_EDGE('',*,*,#1498,.T.);
#1498 = EDGE_CURVE('',#1490,#1499,#1501,.T.);
#1499 = VERTEX_POINT('',#1500);
#1500 = CARTESIAN_POINT('',(100.35,-75.85,0.));
#1501 = LINE('',#1502,#1503);
#1502 = CARTESIAN_POINT('',(50.175,-75.85,0.));
#1503 = VECTOR('',#1504,1.);
#1504 = DIRECTION('',(-1.,0.,0.));
#1505 = ORIENTED_EDGE('',*,*,#1506,.T.);
#1506 = EDGE_CURVE('',#1499,#1507,#1509,.T.);
#1507 = VERTEX_POINT('',#1508);
#1508 = CARTESIAN_POINT('',(100.35,-74.35,0.));
#1509 = CIRCLE('',#1510,0.75);
#1510 = AXIS2_PLACEMENT_3D('',#1511,#1512,#1513);
#1511 = CARTESIAN_POINT('',(100.35,-75.1,0.));
#1512 = DIRECTION('',(-0.,0.,-1.));
#1513 = DIRECTION('',(0.,1.,0.));
#1514 = ORIENTED_EDGE('',*,*,#1515,.T.);
#1515 = EDGE_CURVE('',#1507,#1488,#1516,.T.);
#1516 = LINE('',#1517,#1518);
#1517 = CARTESIAN_POINT('',(50.825,-74.35,0.));
#1518 = VECTOR('',#1519,1.);
#1519 = DIRECTION('',(1.,0.,-0.));
#1520 = FACE_BOUND('',#1521,.F.);
#1521 = EDGE_LOOP('',(#1522));
#1522 = ORIENTED_EDGE('',*,*,#1523,.T.);
#1523 = EDGE_CURVE('',#1524,#1524,#1526,.T.);
#1524 = VERTEX_POINT('',#1525);
#1525 = CARTESIAN_POINT('',(93.5,-72.5,0.));
#1526 = CIRCLE('',#1527,0.5);
#1527 = AXIS2_PLACEMENT_3D('',#1528,#1529,#1530);
#1528 = CARTESIAN_POINT('',(93.5,-72.,0.));
#1529 = DIRECTION('',(-0.,0.,-1.));
#1530 = DIRECTION('',(-0.,-1.,0.));
#1531 = FACE_BOUND('',#1532,.F.);
#1532 = EDGE_LOOP('',(#1533));
#1533 = ORIENTED_EDGE('',*,*,#1534,.T.);
#1534 = EDGE_CURVE('',#1535,#1535,#1537,.T.);
#1535 = VERTEX_POINT('',#1536);
#1536 = CARTESIAN_POINT('',(93.5,-70.,0.));
#1537 = CIRCLE('',#1538,0.5);
#1538 = AXIS2_PLACEMENT_3D('',#1539,#1540,#1541);
#1539 = CARTESIAN_POINT('',(93.5,-69.5,0.));
#1540 = DIRECTION('',(-0.,0.,-1.));
#1541 = DIRECTION('',(-0.,-1.,0.));
#1542 = FACE_BOUND('',#1543,.F.);
#1543 = EDGE_LOOP('',(#1544));
#1544 = ORIENTED_EDGE('',*,*,#1545,.T.);
#1545 = EDGE_CURVE('',#1546,#1546,#1548,.T.);
#1546 = VERTEX_POINT('',#1547);
#1547 = CARTESIAN_POINT('',(93.5,-67.5,0.));
#1548 = CIRCLE('',#1549,0.5);
#1549 = AXIS2_PLACEMENT_3D('',#1550,#1551,#1552);
#1550 = CARTESIAN_POINT('',(93.5,-67.,0.));
#1551 = DIRECTION('',(-0.,0.,-1.));
#1552 = DIRECTION('',(-0.,-1.,0.));
#1553 = FACE_BOUND('',#1554,.F.);
#1554 = EDGE_LOOP('',(#1555));
#1555 = ORIENTED_EDGE('',*,*,#1556,.T.);
#1556 = EDGE_CURVE('',#1557,#1557,#1559,.T.);
#1557 = VERTEX_POINT('',#1558);
#1558 = CARTESIAN_POINT('',(108.,-72.5,0.));
#1559 = CIRCLE('',#1560,0.5);
#1560 = AXIS2_PLACEMENT_3D('',#1561,#1562,#1563);
#1561 = CARTESIAN_POINT('',(108.,-72.,0.));
#1562 = DIRECTION('',(-0.,0.,-1.));
#1563 = DIRECTION('',(-0.,-1.,0.));
#1564 = FACE_BOUND('',#1565,.F.);
#1565 = EDGE_LOOP('',(#1566,#1577,#1585,#1594));
#1566 = ORIENTED_EDGE('',*,*,#1567,.T.);
#1567 = EDGE_CURVE('',#1568,#1570,#1572,.T.);
#1568 = VERTEX_POINT('',#1569);
#1569 = CARTESIAN_POINT('',(101.65,-63.15,0.));
#1570 = VERTEX_POINT('',#1571);
#1571 = CARTESIAN_POINT('',(101.65,-64.65,0.));
#1572 = CIRCLE('',#1573,0.75);
#1573 = AXIS2_PLACEMENT_3D('',#1574,#1575,#1576);
#1574 = CARTESIAN_POINT('',(101.65,-63.9,0.));
#1575 = DIRECTION('',(-0.,0.,-1.));
#1576 = DIRECTION('',(-0.,-1.,0.));
#1577 = ORIENTED_EDGE('',*,*,#1578,.T.);
#1578 = EDGE_CURVE('',#1570,#1579,#1581,.T.);
#1579 = VERTEX_POINT('',#1580);
#1580 = CARTESIAN_POINT('',(100.35,-64.65,0.));
#1581 = LINE('',#1582,#1583);
#1582 = CARTESIAN_POINT('',(50.175,-64.65,0.));
#1583 = VECTOR('',#1584,1.);
#1584 = DIRECTION('',(-1.,0.,0.));
#1585 = ORIENTED_EDGE('',*,*,#1586,.T.);
#1586 = EDGE_CURVE('',#1579,#1587,#1589,.T.);
#1587 = VERTEX_POINT('',#1588);
#1588 = CARTESIAN_POINT('',(100.35,-63.15,0.));
#1589 = CIRCLE('',#1590,0.75);
#1590 = AXIS2_PLACEMENT_3D('',#1591,#1592,#1593);
#1591 = CARTESIAN_POINT('',(100.35,-63.9,0.));
#1592 = DIRECTION('',(-0.,0.,-1.));
#1593 = DIRECTION('',(0.,1.,0.));
#1594 = ORIENTED_EDGE('',*,*,#1595,.T.);
#1595 = EDGE_CURVE('',#1587,#1568,#1596,.T.);
#1596 = LINE('',#1597,#1598);
#1597 = CARTESIAN_POINT('',(50.825,-63.15,0.));
#1598 = VECTOR('',#1599,1.);
#1599 = DIRECTION('',(1.,0.,-0.));
#1600 = FACE_BOUND('',#1601,.F.);
#1601 = EDGE_LOOP('',(#1602));
#1602 = ORIENTED_EDGE('',*,*,#1603,.T.);
#1603 = EDGE_CURVE('',#1604,#1604,#1606,.T.);
#1604 = VERTEX_POINT('',#1605);
#1605 = CARTESIAN_POINT('',(108.,-67.5,0.));
#1606 = CIRCLE('',#1607,0.5);
#1607 = AXIS2_PLACEMENT_3D('',#1608,#1609,#1610);
#1608 = CARTESIAN_POINT('',(108.,-67.,0.));
#1609 = DIRECTION('',(-0.,0.,-1.));
#1610 = DIRECTION('',(-0.,-1.,0.));
#1611 = FACE_BOUND('',#1612,.F.);
#1612 = EDGE_LOOP('',(#1613));
#1613 = ORIENTED_EDGE('',*,*,#1614,.T.);
#1614 = EDGE_CURVE('',#1615,#1615,#1617,.T.);
#1615 = VERTEX_POINT('',#1616);
#1616 = CARTESIAN_POINT('',(120.5,-80.9,0.));
#1617 = CIRCLE('',#1618,0.4);
#1618 = AXIS2_PLACEMENT_3D('',#1619,#1620,#1621);
#1619 = CARTESIAN_POINT('',(120.5,-80.5,0.));
#1620 = DIRECTION('',(-0.,0.,-1.));
#1621 = DIRECTION('',(-0.,-1.,0.));
#1622 = FACE_BOUND('',#1623,.F.);
#1623 = EDGE_LOOP('',(#1624));
#1624 = ORIENTED_EDGE('',*,*,#1625,.T.);
#1625 = EDGE_CURVE('',#1626,#1626,#1628,.T.);
#1626 = VERTEX_POINT('',#1627);
#1627 = CARTESIAN_POINT('',(128.12,-80.9,0.));
#1628 = CIRCLE('',#1629,0.4);
#1629 = AXIS2_PLACEMENT_3D('',#1630,#1631,#1632);
#1630 = CARTESIAN_POINT('',(128.12,-80.5,0.));
#1631 = DIRECTION('',(-0.,0.,-1.));
#1632 = DIRECTION('',(-0.,-1.,0.));
#1633 = FACE_BOUND('',#1634,.F.);
#1634 = EDGE_LOOP('',(#1635,#1646,#1654,#1663));
#1635 = ORIENTED_EDGE('',*,*,#1636,.T.);
#1636 = EDGE_CURVE('',#1637,#1639,#1641,.T.);
#1637 = VERTEX_POINT('',#1638);
#1638 = CARTESIAN_POINT('',(121.4,-74.35,0.));
#1639 = VERTEX_POINT('',#1640);
#1640 = CARTESIAN_POINT('',(121.4,-75.85,0.));
#1641 = CIRCLE('',#1642,0.75);
#1642 = AXIS2_PLACEMENT_3D('',#1643,#1644,#1645);
#1643 = CARTESIAN_POINT('',(121.4,-75.1,0.));
#1644 = DIRECTION('',(-0.,0.,-1.));
#1645 = DIRECTION('',(-0.,-1.,0.));
#1646 = ORIENTED_EDGE('',*,*,#1647,.T.);
#1647 = EDGE_CURVE('',#1639,#1648,#1650,.T.);
#1648 = VERTEX_POINT('',#1649);
#1649 = CARTESIAN_POINT('',(120.1,-75.85,0.));
#1650 = LINE('',#1651,#1652);
#1651 = CARTESIAN_POINT('',(60.05,-75.85,0.));
#1652 = VECTOR('',#1653,1.);
#1653 = DIRECTION('',(-1.,0.,0.));
#1654 = ORIENTED_EDGE('',*,*,#1655,.T.);
#1655 = EDGE_CURVE('',#1648,#1656,#1658,.T.);
#1656 = VERTEX_POINT('',#1657);
#1657 = CARTESIAN_POINT('',(120.1,-74.35,0.));
#1658 = CIRCLE('',#1659,0.75);
#1659 = AXIS2_PLACEMENT_3D('',#1660,#1661,#1662);
#1660 = CARTESIAN_POINT('',(120.1,-75.1,0.));
#1661 = DIRECTION('',(-0.,0.,-1.));
#1662 = DIRECTION('',(0.,1.,0.));
#1663 = ORIENTED_EDGE('',*,*,#1664,.T.);
#1664 = EDGE_CURVE('',#1656,#1637,#1665,.T.);
#1665 = LINE('',#1666,#1667);
#1666 = CARTESIAN_POINT('',(60.7,-74.35,0.));
#1667 = VECTOR('',#1668,1.);
#1668 = DIRECTION('',(1.,0.,-0.));
#1669 = FACE_BOUND('',#1670,.F.);
#1670 = EDGE_LOOP('',(#1671));
#1671 = ORIENTED_EDGE('',*,*,#1672,.T.);
#1672 = EDGE_CURVE('',#1673,#1673,#1675,.T.);
#1673 = VERTEX_POINT('',#1674);
#1674 = CARTESIAN_POINT('',(113.25,-72.5,0.));
#1675 = CIRCLE('',#1676,0.5);
#1676 = AXIS2_PLACEMENT_3D('',#1677,#1678,#1679);
#1677 = CARTESIAN_POINT('',(113.25,-72.,0.));
#1678 = DIRECTION('',(-0.,0.,-1.));
#1679 = DIRECTION('',(-0.,-1.,0.));
#1680 = FACE_BOUND('',#1681,.F.);
#1681 = EDGE_LOOP('',(#1682));
#1682 = ORIENTED_EDGE('',*,*,#1683,.T.);
#1683 = EDGE_CURVE('',#1684,#1684,#1686,.T.);
#1684 = VERTEX_POINT('',#1685);
#1685 = CARTESIAN_POINT('',(113.25,-70.,0.));
#1686 = CIRCLE('',#1687,0.5);
#1687 = AXIS2_PLACEMENT_3D('',#1688,#1689,#1690);
#1688 = CARTESIAN_POINT('',(113.25,-69.5,0.));
#1689 = DIRECTION('',(-0.,0.,-1.));
#1690 = DIRECTION('',(-0.,-1.,0.));
#1691 = FACE_BOUND('',#1692,.F.);
#1692 = EDGE_LOOP('',(#1693));
#1693 = ORIENTED_EDGE('',*,*,#1694,.T.);
#1694 = EDGE_CURVE('',#1695,#1695,#1697,.T.);
#1695 = VERTEX_POINT('',#1696);
#1696 = CARTESIAN_POINT('',(113.25,-67.5,0.));
#1697 = CIRCLE('',#1698,0.5);
#1698 = AXIS2_PLACEMENT_3D('',#1699,#1700,#1701);
#1699 = CARTESIAN_POINT('',(113.25,-67.,0.));
#1700 = DIRECTION('',(-0.,0.,-1.));
#1701 = DIRECTION('',(-0.,-1.,0.));
#1702 = FACE_BOUND('',#1703,.F.);
#1703 = EDGE_LOOP('',(#1704));
#1704 = ORIENTED_EDGE('',*,*,#1705,.T.);
#1705 = EDGE_CURVE('',#1706,#1706,#1708,.T.);
#1706 = VERTEX_POINT('',#1707);
#1707 = CARTESIAN_POINT('',(127.75,-72.5,0.));
#1708 = CIRCLE('',#1709,0.5);
#1709 = AXIS2_PLACEMENT_3D('',#1710,#1711,#1712);
#1710 = CARTESIAN_POINT('',(127.75,-72.,0.));
#1711 = DIRECTION('',(-0.,0.,-1.));
#1712 = DIRECTION('',(-0.,-1.,0.));
#1713 = FACE_BOUND('',#1714,.F.);
#1714 = EDGE_LOOP('',(#1715,#1726,#1734,#1743));
#1715 = ORIENTED_EDGE('',*,*,#1716,.T.);
#1716 = EDGE_CURVE('',#1717,#1719,#1721,.T.);
#1717 = VERTEX_POINT('',#1718);
#1718 = CARTESIAN_POINT('',(121.4,-63.15,0.));
#1719 = VERTEX_POINT('',#1720);
#1720 = CARTESIAN_POINT('',(121.4,-64.65,0.));
#1721 = CIRCLE('',#1722,0.75);
#1722 = AXIS2_PLACEMENT_3D('',#1723,#1724,#1725);
#1723 = CARTESIAN_POINT('',(121.4,-63.9,0.));
#1724 = DIRECTION('',(-0.,0.,-1.));
#1725 = DIRECTION('',(-0.,-1.,0.));
#1726 = ORIENTED_EDGE('',*,*,#1727,.T.);
#1727 = EDGE_CURVE('',#1719,#1728,#1730,.T.);
#1728 = VERTEX_POINT('',#1729);
#1729 = CARTESIAN_POINT('',(120.1,-64.65,0.));
#1730 = LINE('',#1731,#1732);
#1731 = CARTESIAN_POINT('',(60.05,-64.65,0.));
#1732 = VECTOR('',#1733,1.);
#1733 = DIRECTION('',(-1.,0.,0.));
#1734 = ORIENTED_EDGE('',*,*,#1735,.T.);
#1735 = EDGE_CURVE('',#1728,#1736,#1738,.T.);
#1736 = VERTEX_POINT('',#1737);
#1737 = CARTESIAN_POINT('',(120.1,-63.15,0.));
#1738 = CIRCLE('',#1739,0.75);
#1739 = AXIS2_PLACEMENT_3D('',#1740,#1741,#1742);
#1740 = CARTESIAN_POINT('',(120.1,-63.9,0.));
#1741 = DIRECTION('',(-0.,0.,-1.));
#1742 = DIRECTION('',(0.,1.,0.));
#1743 = ORIENTED_EDGE('',*,*,#1744,.T.);
#1744 = EDGE_CURVE('',#1736,#1717,#1745,.T.);
#1745 = LINE('',#1746,#1747);
#1746 = CARTESIAN_POINT('',(60.7,-63.15,0.));
#1747 = VECTOR('',#1748,1.);
#1748 = DIRECTION('',(1.,0.,-0.));
#1749 = FACE_BOUND('',#1750,.F.);
#1750 = EDGE_LOOP('',(#1751));
#1751 = ORIENTED_EDGE('',*,*,#1752,.T.);
#1752 = EDGE_CURVE('',#1753,#1753,#1755,.T.);
#1753 = VERTEX_POINT('',#1754);
#1754 = CARTESIAN_POINT('',(127.75,-67.5,0.));
#1755 = CIRCLE('',#1756,0.5);
#1756 = AXIS2_PLACEMENT_3D('',#1757,#1758,#1759);
#1757 = CARTESIAN_POINT('',(127.75,-67.,0.));
#1758 = DIRECTION('',(-0.,0.,-1.));
#1759 = DIRECTION('',(-0.,-1.,0.));
#1760 = PLANE('',#1761);
#1761 = AXIS2_PLACEMENT_3D('',#1762,#1763,#1764);
#1762 = CARTESIAN_POINT('',(0.,0.,0.));
#1763 = DIRECTION('',(0.,0.,1.));
#1764 = DIRECTION('',(1.,0.,-0.));
#1765 = ADVANCED_FACE('',(#1766,#1777,#1788,#1799,#1810,#1821,#1832,
    #1843,#1854,#1865,#1876,#1887,#1898,#1909,#1920,#1931,#1942,#1953,
    #1964,#1975,#1986,#1997,#2008,#2019,#2030,#2041,#2052,#2063,#2074,
    #2085,#2096,#2107,#2118,#2129,#2140,#2151,#2162,#2173,#2184,#2195,
    #2206,#2217,#2228,#2239,#2250,#2261,#2272,#2283,#2294,#2305,#2316,
    #2327,#2338,#2349,#2360,#2371,#2382,#2393,#2404,#2415,#2426,#2437,
    #2448,#2459,#2470,#2481,#2492,#2503,#2514,#2525,#2536,#2547,#2558,
    #2569,#2580,#2591,#2602,#2613,#2624,#2635,#2671,#2682,#2693,#2704,
    #2715,#2751,#2762,#2773,#2784,#2820,#2831,#2842,#2853,#2864,#2900),
  #2911,.T.);
#1766 = FACE_BOUND('',#1767,.T.);
#1767 = EDGE_LOOP('',(#1768,#1769,#1770,#1776));
#1768 = ORIENTED_EDGE('',*,*,#526,.F.);
#1769 = ORIENTED_EDGE('',*,*,#566,.F.);
#1770 = ORIENTED_EDGE('',*,*,#1771,.F.);
#1771 = EDGE_CURVE('',#589,#559,#1772,.T.);
#1772 = LINE('',#1773,#1774);
#1773 = CARTESIAN_POINT('',(46.,-58.,1.51));
#1774 = VECTOR('',#1775,1.);
#1775 = DIRECTION('',(1.,0.,0.));
#1776 = ORIENTED_EDGE('',*,*,#588,.F.);
#1777 = FACE_BOUND('',#1778,.T.);
#1778 = EDGE_LOOP('',(#1779));
#1779 = ORIENTED_EDGE('',*,*,#1780,.T.);
#1780 = EDGE_CURVE('',#1781,#1781,#1783,.T.);
#1781 = VERTEX_POINT('',#1782);
#1782 = CARTESIAN_POINT('',(53.574286,-143.85,1.51));
#1783 = CIRCLE('',#1784,0.85);
#1784 = AXIS2_PLACEMENT_3D('',#1785,#1786,#1787);
#1785 = CARTESIAN_POINT('',(53.574286,-143.,1.51));
#1786 = DIRECTION('',(-0.,0.,-1.));
#1787 = DIRECTION('',(-0.,-1.,0.));
#1788 = FACE_BOUND('',#1789,.T.);
#1789 = EDGE_LOOP('',(#1790));
#1790 = ORIENTED_EDGE('',*,*,#1791,.T.);
#1791 = EDGE_CURVE('',#1792,#1792,#1794,.T.);
#1792 = VERTEX_POINT('',#1793);
#1793 = CARTESIAN_POINT('',(58.654286,-145.,1.51));
#1794 = CIRCLE('',#1795,2.);
#1795 = AXIS2_PLACEMENT_3D('',#1796,#1797,#1798);
#1796 = CARTESIAN_POINT('',(58.654286,-143.,1.51));
#1797 = DIRECTION('',(-0.,0.,-1.));
#1798 = DIRECTION('',(-0.,-1.,0.));
#1799 = FACE_BOUND('',#1800,.T.);
#1800 = EDGE_LOOP('',(#1801));
#1801 = ORIENTED_EDGE('',*,*,#1802,.T.);
#1802 = EDGE_CURVE('',#1803,#1803,#1805,.T.);
#1803 = VERTEX_POINT('',#1804);
#1804 = CARTESIAN_POINT('',(54.844286,-141.21,1.51));
#1805 = CIRCLE('',#1806,0.75);
#1806 = AXIS2_PLACEMENT_3D('',#1807,#1808,#1809);
#1807 = CARTESIAN_POINT('',(54.844286,-140.46,1.51));
#1808 = DIRECTION('',(-0.,0.,-1.));
#1809 = DIRECTION('',(-0.,-1.,0.));
#1810 = FACE_BOUND('',#1811,.T.);
#1811 = EDGE_LOOP('',(#1812));
#1812 = ORIENTED_EDGE('',*,*,#1813,.T.);
#1813 = EDGE_CURVE('',#1814,#1814,#1816,.T.);
#1814 = VERTEX_POINT('',#1815);
#1815 = CARTESIAN_POINT('',(63.734286,-143.85,1.51));
#1816 = CIRCLE('',#1817,0.85);
#1817 = AXIS2_PLACEMENT_3D('',#1818,#1819,#1820);
#1818 = CARTESIAN_POINT('',(63.734286,-143.,1.51));
#1819 = DIRECTION('',(-0.,0.,-1.));
#1820 = DIRECTION('',(-8.35932630306E-15,-1.,0.));
#1821 = FACE_BOUND('',#1822,.T.);
#1822 = EDGE_LOOP('',(#1823));
#1823 = ORIENTED_EDGE('',*,*,#1824,.T.);
#1824 = EDGE_CURVE('',#1825,#1825,#1827,.T.);
#1825 = VERTEX_POINT('',#1826);
#1826 = CARTESIAN_POINT('',(61.194286,-138.67,1.51));
#1827 = CIRCLE('',#1828,0.75);
#1828 = AXIS2_PLACEMENT_3D('',#1829,#1830,#1831);
#1829 = CARTESIAN_POINT('',(61.194286,-137.92,1.51));
#1830 = DIRECTION('',(-0.,0.,-1.));
#1831 = DIRECTION('',(-0.,-1.,0.));
#1832 = FACE_BOUND('',#1833,.T.);
#1833 = EDGE_LOOP('',(#1834));
#1834 = ORIENTED_EDGE('',*,*,#1835,.T.);
#1835 = EDGE_CURVE('',#1836,#1836,#1838,.T.);
#1836 = VERTEX_POINT('',#1837);
#1837 = CARTESIAN_POINT('',(49.5,-131.4,1.51));
#1838 = CIRCLE('',#1839,0.4);
#1839 = AXIS2_PLACEMENT_3D('',#1840,#1841,#1842);
#1840 = CARTESIAN_POINT('',(49.5,-131.,1.51));
#1841 = DIRECTION('',(-0.,0.,-1.));
#1842 = DIRECTION('',(-0.,-1.,0.));
#1843 = FACE_BOUND('',#1844,.T.);
#1844 = EDGE_LOOP('',(#1845));
#1845 = ORIENTED_EDGE('',*,*,#1846,.T.);
#1846 = EDGE_CURVE('',#1847,#1847,#1849,.T.);
#1847 = VERTEX_POINT('',#1848);
#1848 = CARTESIAN_POINT('',(57.12,-131.4,1.51));
#1849 = CIRCLE('',#1850,0.4);
#1850 = AXIS2_PLACEMENT_3D('',#1851,#1852,#1853);
#1851 = CARTESIAN_POINT('',(57.12,-131.,1.51));
#1852 = DIRECTION('',(-0.,0.,-1.));
#1853 = DIRECTION('',(-1.7763568394E-14,-1.,0.));
#1854 = FACE_BOUND('',#1855,.T.);
#1855 = EDGE_LOOP('',(#1856));
#1856 = ORIENTED_EDGE('',*,*,#1857,.T.);
#1857 = EDGE_CURVE('',#1858,#1858,#1860,.T.);
#1858 = VERTEX_POINT('',#1859);
#1859 = CARTESIAN_POINT('',(64.38,-131.4,1.51));
#1860 = CIRCLE('',#1861,0.4);
#1861 = AXIS2_PLACEMENT_3D('',#1862,#1863,#1864);
#1862 = CARTESIAN_POINT('',(64.38,-131.,1.51));
#1863 = DIRECTION('',(-0.,0.,-1.));
#1864 = DIRECTION('',(-0.,-1.,0.));
#1865 = FACE_BOUND('',#1866,.T.);
#1866 = EDGE_LOOP('',(#1867));
#1867 = ORIENTED_EDGE('',*,*,#1868,.T.);
#1868 = EDGE_CURVE('',#1869,#1869,#1871,.T.);
#1869 = VERTEX_POINT('',#1870);
#1870 = CARTESIAN_POINT('',(73.42,-143.85,1.51));
#1871 = CIRCLE('',#1872,0.85);
#1872 = AXIS2_PLACEMENT_3D('',#1873,#1874,#1875);
#1873 = CARTESIAN_POINT('',(73.42,-143.,1.51));
#1874 = DIRECTION('',(-0.,0.,-1.));
#1875 = DIRECTION('',(1.671865260612E-14,-1.,-0.));
#1876 = FACE_BOUND('',#1877,.T.);
#1877 = EDGE_LOOP('',(#1878));
#1878 = ORIENTED_EDGE('',*,*,#1879,.T.);
#1879 = EDGE_CURVE('',#1880,#1880,#1882,.T.);
#1880 = VERTEX_POINT('',#1881);
#1881 = CARTESIAN_POINT('',(78.5,-145.,1.51));
#1882 = CIRCLE('',#1883,2.);
#1883 = AXIS2_PLACEMENT_3D('',#1884,#1885,#1886);
#1884 = CARTESIAN_POINT('',(78.5,-143.,1.51));
#1885 = DIRECTION('',(-0.,0.,-1.));
#1886 = DIRECTION('',(-0.,-1.,0.));
#1887 = FACE_BOUND('',#1888,.T.);
#1888 = EDGE_LOOP('',(#1889));
#1889 = ORIENTED_EDGE('',*,*,#1890,.T.);
#1890 = EDGE_CURVE('',#1891,#1891,#1893,.T.);
#1891 = VERTEX_POINT('',#1892);
#1892 = CARTESIAN_POINT('',(74.69,-141.21,1.51));
#1893 = CIRCLE('',#1894,0.75);
#1894 = AXIS2_PLACEMENT_3D('',#1895,#1896,#1897);
#1895 = CARTESIAN_POINT('',(74.69,-140.46,1.51));
#1896 = DIRECTION('',(-0.,0.,-1.));
#1897 = DIRECTION('',(-0.,-1.,0.));
#1898 = FACE_BOUND('',#1899,.T.);
#1899 = EDGE_LOOP('',(#1900));
#1900 = ORIENTED_EDGE('',*,*,#1901,.T.);
#1901 = EDGE_CURVE('',#1902,#1902,#1904,.T.);
#1902 = VERTEX_POINT('',#1903);
#1903 = CARTESIAN_POINT('',(83.58,-143.85,1.51));
#1904 = CIRCLE('',#1905,0.85);
#1905 = AXIS2_PLACEMENT_3D('',#1906,#1907,#1908);
#1906 = CARTESIAN_POINT('',(83.58,-143.,1.51));
#1907 = DIRECTION('',(-0.,0.,-1.));
#1908 = DIRECTION('',(-1.671865260612E-14,-1.,0.));
#1909 = FACE_BOUND('',#1910,.T.);
#1910 = EDGE_LOOP('',(#1911));
#1911 = ORIENTED_EDGE('',*,*,#1912,.T.);
#1912 = EDGE_CURVE('',#1913,#1913,#1915,.T.);
#1913 = VERTEX_POINT('',#1914);
#1914 = CARTESIAN_POINT('',(81.04,-138.67,1.51));
#1915 = CIRCLE('',#1916,0.75);
#1916 = AXIS2_PLACEMENT_3D('',#1917,#1918,#1919);
#1917 = CARTESIAN_POINT('',(81.04,-137.92,1.51));
#1918 = DIRECTION('',(-0.,0.,-1.));
#1919 = DIRECTION('',(-0.,-1.,0.));
#1920 = FACE_BOUND('',#1921,.T.);
#1921 = EDGE_LOOP('',(#1922));
#1922 = ORIENTED_EDGE('',*,*,#1923,.T.);
#1923 = EDGE_CURVE('',#1924,#1924,#1926,.T.);
#1924 = VERTEX_POINT('',#1925);
#1925 = CARTESIAN_POINT('',(72.,-131.4,1.51));
#1926 = CIRCLE('',#1927,0.4);
#1927 = AXIS2_PLACEMENT_3D('',#1928,#1929,#1930);
#1928 = CARTESIAN_POINT('',(72.,-131.,1.51));
#1929 = DIRECTION('',(-0.,0.,-1.));
#1930 = DIRECTION('',(-0.,-1.,0.));
#1931 = FACE_BOUND('',#1932,.T.);
#1932 = EDGE_LOOP('',(#1933));
#1933 = ORIENTED_EDGE('',*,*,#1934,.T.);
#1934 = EDGE_CURVE('',#1935,#1935,#1937,.T.);
#1935 = VERTEX_POINT('',#1936);
#1936 = CARTESIAN_POINT('',(54.5,-121.9,1.51));
#1937 = CIRCLE('',#1938,0.4);
#1938 = AXIS2_PLACEMENT_3D('',#1939,#1940,#1941);
#1939 = CARTESIAN_POINT('',(54.5,-121.5,1.51));
#1940 = DIRECTION('',(-0.,0.,-1.));
#1941 = DIRECTION('',(-0.,-1.,0.));
#1942 = FACE_BOUND('',#1943,.T.);
#1943 = EDGE_LOOP('',(#1944));
#1944 = ORIENTED_EDGE('',*,*,#1945,.T.);
#1945 = EDGE_CURVE('',#1946,#1946,#1948,.T.);
#1946 = VERTEX_POINT('',#1947);
#1947 = CARTESIAN_POINT('',(54.5,-114.28,1.51));
#1948 = CIRCLE('',#1949,0.4);
#1949 = AXIS2_PLACEMENT_3D('',#1950,#1951,#1952);
#1950 = CARTESIAN_POINT('',(54.5,-113.88,1.51));
#1951 = DIRECTION('',(-0.,0.,-1.));
#1952 = DIRECTION('',(-0.,-1.,0.));
#1953 = FACE_BOUND('',#1954,.T.);
#1954 = EDGE_LOOP('',(#1955));
#1955 = ORIENTED_EDGE('',*,*,#1956,.T.);
#1956 = EDGE_CURVE('',#1957,#1957,#1959,.T.);
#1957 = VERTEX_POINT('',#1958);
#1958 = CARTESIAN_POINT('',(74.5,-121.4,1.51));
#1959 = CIRCLE('',#1960,0.4);
#1960 = AXIS2_PLACEMENT_3D('',#1961,#1962,#1963);
#1961 = CARTESIAN_POINT('',(74.5,-121.,1.51));
#1962 = DIRECTION('',(-0.,0.,-1.));
#1963 = DIRECTION('',(-0.,-1.,0.));
#1964 = FACE_BOUND('',#1965,.T.);
#1965 = EDGE_LOOP('',(#1966));
#1966 = ORIENTED_EDGE('',*,*,#1967,.T.);
#1967 = EDGE_CURVE('',#1968,#1968,#1970,.T.);
#1968 = VERTEX_POINT('',#1969);
#1969 = CARTESIAN_POINT('',(88.,-124.35,1.51));
#1970 = CIRCLE('',#1971,1.35);
#1971 = AXIS2_PLACEMENT_3D('',#1972,#1973,#1974);
#1972 = CARTESIAN_POINT('',(88.,-123.,1.51));
#1973 = DIRECTION('',(-0.,0.,-1.));
#1974 = DIRECTION('',(-0.,-1.,0.));
#1975 = FACE_BOUND('',#1976,.T.);
#1976 = EDGE_LOOP('',(#1977));
#1977 = ORIENTED_EDGE('',*,*,#1978,.T.);
#1978 = EDGE_CURVE('',#1979,#1979,#1981,.T.);
#1979 = VERTEX_POINT('',#1980);
#1980 = CARTESIAN_POINT('',(74.5,-113.78,1.51));
#1981 = CIRCLE('',#1982,0.4);
#1982 = AXIS2_PLACEMENT_3D('',#1983,#1984,#1985);
#1983 = CARTESIAN_POINT('',(74.5,-113.38,1.51));
#1984 = DIRECTION('',(-0.,0.,-1.));
#1985 = DIRECTION('',(-0.,-1.,0.));
#1986 = FACE_BOUND('',#1987,.T.);
#1987 = EDGE_LOOP('',(#1988));
#1988 = ORIENTED_EDGE('',*,*,#1989,.T.);
#1989 = EDGE_CURVE('',#1990,#1990,#1992,.T.);
#1990 = VERTEX_POINT('',#1991);
#1991 = CARTESIAN_POINT('',(93.265715,-143.85,1.51));
#1992 = CIRCLE('',#1993,0.85);
#1993 = AXIS2_PLACEMENT_3D('',#1994,#1995,#1996);
#1994 = CARTESIAN_POINT('',(93.265715,-143.,1.51));
#1995 = DIRECTION('',(-0.,0.,-1.));
#1996 = DIRECTION('',(-0.,-1.,0.));
#1997 = FACE_BOUND('',#1998,.T.);
#1998 = EDGE_LOOP('',(#1999));
#1999 = ORIENTED_EDGE('',*,*,#2000,.T.);
#2000 = EDGE_CURVE('',#2001,#2001,#2003,.T.);
#2001 = VERTEX_POINT('',#2002);
#2002 = CARTESIAN_POINT('',(98.345715,-145.,1.51));
#2003 = CIRCLE('',#2004,2.);
#2004 = AXIS2_PLACEMENT_3D('',#2005,#2006,#2007);
#2005 = CARTESIAN_POINT('',(98.345715,-143.,1.51));
#2006 = DIRECTION('',(-0.,0.,-1.));
#2007 = DIRECTION('',(-0.,-1.,0.));
#2008 = FACE_BOUND('',#2009,.T.);
#2009 = EDGE_LOOP('',(#2010));
#2010 = ORIENTED_EDGE('',*,*,#2011,.T.);
#2011 = EDGE_CURVE('',#2012,#2012,#2014,.T.);
#2012 = VERTEX_POINT('',#2013);
#2013 = CARTESIAN_POINT('',(94.535715,-141.21,1.51));
#2014 = CIRCLE('',#2015,0.75);
#2015 = AXIS2_PLACEMENT_3D('',#2016,#2017,#2018);
#2016 = CARTESIAN_POINT('',(94.535715,-140.46,1.51));
#2017 = DIRECTION('',(-0.,0.,-1.));
#2018 = DIRECTION('',(-0.,-1.,0.));
#2019 = FACE_BOUND('',#2020,.T.);
#2020 = EDGE_LOOP('',(#2021));
#2021 = ORIENTED_EDGE('',*,*,#2022,.T.);
#2022 = EDGE_CURVE('',#2023,#2023,#2025,.T.);
#2023 = VERTEX_POINT('',#2024);
#2024 = CARTESIAN_POINT('',(103.425715,-143.85,1.51));
#2025 = CIRCLE('',#2026,0.85);
#2026 = AXIS2_PLACEMENT_3D('',#2027,#2028,#2029);
#2027 = CARTESIAN_POINT('',(103.425715,-143.,1.51));
#2028 = DIRECTION('',(-0.,0.,-1.));
#2029 = DIRECTION('',(-0.,-1.,0.));
#2030 = FACE_BOUND('',#2031,.T.);
#2031 = EDGE_LOOP('',(#2032));
#2032 = ORIENTED_EDGE('',*,*,#2033,.T.);
#2033 = EDGE_CURVE('',#2034,#2034,#2036,.T.);
#2034 = VERTEX_POINT('',#2035);
#2035 = CARTESIAN_POINT('',(100.885715,-138.67,1.51));
#2036 = CIRCLE('',#2037,0.75);
#2037 = AXIS2_PLACEMENT_3D('',#2038,#2039,#2040);
#2038 = CARTESIAN_POINT('',(100.885715,-137.92,1.51));
#2039 = DIRECTION('',(-0.,0.,-1.));
#2040 = DIRECTION('',(-0.,-1.,0.));
#2041 = FACE_BOUND('',#2042,.T.);
#2042 = EDGE_LOOP('',(#2043));
#2043 = ORIENTED_EDGE('',*,*,#2044,.T.);
#2044 = EDGE_CURVE('',#2045,#2045,#2047,.T.);
#2045 = VERTEX_POINT('',#2046);
#2046 = CARTESIAN_POINT('',(92.88,-130.9,1.51));
#2047 = CIRCLE('',#2048,0.4);
#2048 = AXIS2_PLACEMENT_3D('',#2049,#2050,#2051);
#2049 = CARTESIAN_POINT('',(92.88,-130.5,1.51));
#2050 = DIRECTION('',(-0.,0.,-1.));
#2051 = DIRECTION('',(-0.,-1.,0.));
#2052 = FACE_BOUND('',#2053,.T.);
#2053 = EDGE_LOOP('',(#2054));
#2054 = ORIENTED_EDGE('',*,*,#2055,.T.);
#2055 = EDGE_CURVE('',#2056,#2056,#2058,.T.);
#2056 = VERTEX_POINT('',#2057);
#2057 = CARTESIAN_POINT('',(100.5,-130.9,1.51));
#2058 = CIRCLE('',#2059,0.4);
#2059 = AXIS2_PLACEMENT_3D('',#2060,#2061,#2062);
#2060 = CARTESIAN_POINT('',(100.5,-130.5,1.51));
#2061 = DIRECTION('',(-0.,0.,-1.));
#2062 = DIRECTION('',(-0.,-1.,0.));
#2063 = FACE_BOUND('',#2064,.T.);
#2064 = EDGE_LOOP('',(#2065));
#2065 = ORIENTED_EDGE('',*,*,#2066,.T.);
#2066 = EDGE_CURVE('',#2067,#2067,#2069,.T.);
#2067 = VERTEX_POINT('',#2068);
#2068 = CARTESIAN_POINT('',(113.111429,-143.85,1.51));
#2069 = CIRCLE('',#2070,0.85);
#2070 = AXIS2_PLACEMENT_3D('',#2071,#2072,#2073);
#2071 = CARTESIAN_POINT('',(113.111429,-143.,1.51));
#2072 = DIRECTION('',(-0.,0.,-1.));
#2073 = DIRECTION('',(-0.,-1.,0.));
#2074 = FACE_BOUND('',#2075,.T.);
#2075 = EDGE_LOOP('',(#2076));
#2076 = ORIENTED_EDGE('',*,*,#2077,.T.);
#2077 = EDGE_CURVE('',#2078,#2078,#2080,.T.);
#2078 = VERTEX_POINT('',#2079);
#2079 = CARTESIAN_POINT('',(118.191429,-145.,1.51));
#2080 = CIRCLE('',#2081,2.);
#2081 = AXIS2_PLACEMENT_3D('',#2082,#2083,#2084);
#2082 = CARTESIAN_POINT('',(118.191429,-143.,1.51));
#2083 = DIRECTION('',(-0.,0.,-1.));
#2084 = DIRECTION('',(-0.,-1.,0.));
#2085 = FACE_BOUND('',#2086,.T.);
#2086 = EDGE_LOOP('',(#2087));
#2087 = ORIENTED_EDGE('',*,*,#2088,.T.);
#2088 = EDGE_CURVE('',#2089,#2089,#2091,.T.);
#2089 = VERTEX_POINT('',#2090);
#2090 = CARTESIAN_POINT('',(114.381429,-141.21,1.51));
#2091 = CIRCLE('',#2092,0.75);
#2092 = AXIS2_PLACEMENT_3D('',#2093,#2094,#2095);
#2093 = CARTESIAN_POINT('',(114.381429,-140.46,1.51));
#2094 = DIRECTION('',(-0.,0.,-1.));
#2095 = DIRECTION('',(-0.,-1.,0.));
#2096 = FACE_BOUND('',#2097,.T.);
#2097 = EDGE_LOOP('',(#2098));
#2098 = ORIENTED_EDGE('',*,*,#2099,.T.);
#2099 = EDGE_CURVE('',#2100,#2100,#2102,.T.);
#2100 = VERTEX_POINT('',#2101);
#2101 = CARTESIAN_POINT('',(123.271429,-143.85,1.51));
#2102 = CIRCLE('',#2103,0.85);
#2103 = AXIS2_PLACEMENT_3D('',#2104,#2105,#2106);
#2104 = CARTESIAN_POINT('',(123.271429,-143.,1.51));
#2105 = DIRECTION('',(-0.,0.,-1.));
#2106 = DIRECTION('',(-1.671865260612E-14,-1.,0.));
#2107 = FACE_BOUND('',#2108,.T.);
#2108 = EDGE_LOOP('',(#2109));
#2109 = ORIENTED_EDGE('',*,*,#2110,.T.);
#2110 = EDGE_CURVE('',#2111,#2111,#2113,.T.);
#2111 = VERTEX_POINT('',#2112);
#2112 = CARTESIAN_POINT('',(120.731429,-138.67,1.51));
#2113 = CIRCLE('',#2114,0.75);
#2114 = AXIS2_PLACEMENT_3D('',#2115,#2116,#2117);
#2115 = CARTESIAN_POINT('',(120.731429,-137.92,1.51));
#2116 = DIRECTION('',(-0.,0.,-1.));
#2117 = DIRECTION('',(-0.,-1.,0.));
#2118 = FACE_BOUND('',#2119,.T.);
#2119 = EDGE_LOOP('',(#2120));
#2120 = ORIENTED_EDGE('',*,*,#2121,.T.);
#2121 = EDGE_CURVE('',#2122,#2122,#2124,.T.);
#2122 = VERTEX_POINT('',#2123);
#2123 = CARTESIAN_POINT('',(119.38,-131.4,1.51));
#2124 = CIRCLE('',#2125,0.4);
#2125 = AXIS2_PLACEMENT_3D('',#2126,#2127,#2128);
#2126 = CARTESIAN_POINT('',(119.38,-131.,1.51));
#2127 = DIRECTION('',(-0.,0.,-1.));
#2128 = DIRECTION('',(-0.,-1.,0.));
#2129 = FACE_BOUND('',#2130,.T.);
#2130 = EDGE_LOOP('',(#2131));
#2131 = ORIENTED_EDGE('',*,*,#2132,.T.);
#2132 = EDGE_CURVE('',#2133,#2133,#2135,.T.);
#2133 = VERTEX_POINT('',#2134);
#2134 = CARTESIAN_POINT('',(127.,-131.4,1.51));
#2135 = CIRCLE('',#2136,0.4);
#2136 = AXIS2_PLACEMENT_3D('',#2137,#2138,#2139);
#2137 = CARTESIAN_POINT('',(127.,-131.,1.51));
#2138 = DIRECTION('',(-0.,0.,-1.));
#2139 = DIRECTION('',(-0.,-1.,0.));
#2140 = FACE_BOUND('',#2141,.T.);
#2141 = EDGE_LOOP('',(#2142));
#2142 = ORIENTED_EDGE('',*,*,#2143,.T.);
#2143 = EDGE_CURVE('',#2144,#2144,#2146,.T.);
#2144 = VERTEX_POINT('',#2145);
#2145 = CARTESIAN_POINT('',(94.5,-121.21,1.51));
#2146 = CIRCLE('',#2147,0.4);
#2147 = AXIS2_PLACEMENT_3D('',#2148,#2149,#2150);
#2148 = CARTESIAN_POINT('',(94.5,-120.81,1.51));
#2149 = DIRECTION('',(-0.,0.,-1.));
#2150 = DIRECTION('',(-0.,-1.,0.));
#2151 = FACE_BOUND('',#2152,.T.);
#2152 = EDGE_LOOP('',(#2153));
#2153 = ORIENTED_EDGE('',*,*,#2154,.T.);
#2154 = EDGE_CURVE('',#2155,#2155,#2157,.T.);
#2155 = VERTEX_POINT('',#2156);
#2156 = CARTESIAN_POINT('',(94.5,-113.59,1.51));
#2157 = CIRCLE('',#2158,0.4);
#2158 = AXIS2_PLACEMENT_3D('',#2159,#2160,#2161);
#2159 = CARTESIAN_POINT('',(94.5,-113.19,1.51));
#2160 = DIRECTION('',(-0.,0.,-1.));
#2161 = DIRECTION('',(-0.,-1.,0.));
#2162 = FACE_BOUND('',#2163,.T.);
#2163 = EDGE_LOOP('',(#2164));
#2164 = ORIENTED_EDGE('',*,*,#2165,.T.);
#2165 = EDGE_CURVE('',#2166,#2166,#2168,.T.);
#2166 = VERTEX_POINT('',#2167);
#2167 = CARTESIAN_POINT('',(115.,-121.71,1.51));
#2168 = CIRCLE('',#2169,0.4);
#2169 = AXIS2_PLACEMENT_3D('',#2170,#2171,#2172);
#2170 = CARTESIAN_POINT('',(115.,-121.31,1.51));
#2171 = DIRECTION('',(-0.,0.,-1.));
#2172 = DIRECTION('',(-0.,-1.,0.));
#2173 = FACE_BOUND('',#2174,.T.);
#2174 = EDGE_LOOP('',(#2175));
#2175 = ORIENTED_EDGE('',*,*,#2176,.T.);
#2176 = EDGE_CURVE('',#2177,#2177,#2179,.T.);
#2177 = VERTEX_POINT('',#2178);
#2178 = CARTESIAN_POINT('',(115.,-114.09,1.51));
#2179 = CIRCLE('',#2180,0.4);
#2180 = AXIS2_PLACEMENT_3D('',#2181,#2182,#2183);
#2181 = CARTESIAN_POINT('',(115.,-113.69,1.51));
#2182 = DIRECTION('',(-0.,0.,-1.));
#2183 = DIRECTION('',(-0.,-1.,0.));
#2184 = FACE_BOUND('',#2185,.T.);
#2185 = EDGE_LOOP('',(#2186));
#2186 = ORIENTED_EDGE('',*,*,#2187,.T.);
#2187 = EDGE_CURVE('',#2188,#2188,#2190,.T.);
#2188 = VERTEX_POINT('',#2189);
#2189 = CARTESIAN_POINT('',(53.574286,-102.35,1.51));
#2190 = CIRCLE('',#2191,0.85);
#2191 = AXIS2_PLACEMENT_3D('',#2192,#2193,#2194);
#2192 = CARTESIAN_POINT('',(53.574286,-101.5,1.51));
#2193 = DIRECTION('',(-0.,0.,-1.));
#2194 = DIRECTION('',(-0.,-1.,0.));
#2195 = FACE_BOUND('',#2196,.T.);
#2196 = EDGE_LOOP('',(#2197));
#2197 = ORIENTED_EDGE('',*,*,#2198,.T.);
#2198 = EDGE_CURVE('',#2199,#2199,#2201,.T.);
#2199 = VERTEX_POINT('',#2200);
#2200 = CARTESIAN_POINT('',(54.844286,-99.71,1.51));
#2201 = CIRCLE('',#2202,0.75);
#2202 = AXIS2_PLACEMENT_3D('',#2203,#2204,#2205);
#2203 = CARTESIAN_POINT('',(54.844286,-98.96,1.51));
#2204 = DIRECTION('',(-0.,0.,-1.));
#2205 = DIRECTION('',(-0.,-1.,0.));
#2206 = FACE_BOUND('',#2207,.T.);
#2207 = EDGE_LOOP('',(#2208));
#2208 = ORIENTED_EDGE('',*,*,#2209,.T.);
#2209 = EDGE_CURVE('',#2210,#2210,#2212,.T.);
#2210 = VERTEX_POINT('',#2211);
#2211 = CARTESIAN_POINT('',(58.654286,-103.5,1.51));
#2212 = CIRCLE('',#2213,2.);
#2213 = AXIS2_PLACEMENT_3D('',#2214,#2215,#2216);
#2214 = CARTESIAN_POINT('',(58.654286,-101.5,1.51));
#2215 = DIRECTION('',(-0.,0.,-1.));
#2216 = DIRECTION('',(-0.,-1.,0.));
#2217 = FACE_BOUND('',#2218,.T.);
#2218 = EDGE_LOOP('',(#2219));
#2219 = ORIENTED_EDGE('',*,*,#2220,.T.);
#2220 = EDGE_CURVE('',#2221,#2221,#2223,.T.);
#2221 = VERTEX_POINT('',#2222);
#2222 = CARTESIAN_POINT('',(63.734286,-102.35,1.51));
#2223 = CIRCLE('',#2224,0.85);
#2224 = AXIS2_PLACEMENT_3D('',#2225,#2226,#2227);
#2225 = CARTESIAN_POINT('',(63.734286,-101.5,1.51));
#2226 = DIRECTION('',(-0.,0.,-1.));
#2227 = DIRECTION('',(-8.35932630306E-15,-1.,0.));
#2228 = FACE_BOUND('',#2229,.T.);
#2229 = EDGE_LOOP('',(#2230));
#2230 = ORIENTED_EDGE('',*,*,#2231,.T.);
#2231 = EDGE_CURVE('',#2232,#2232,#2234,.T.);
#2232 = VERTEX_POINT('',#2233);
#2233 = CARTESIAN_POINT('',(61.194286,-97.17,1.51));
#2234 = CIRCLE('',#2235,0.75);
#2235 = AXIS2_PLACEMENT_3D('',#2236,#2237,#2238);
#2236 = CARTESIAN_POINT('',(61.194286,-96.42,1.51));
#2237 = DIRECTION('',(-0.,0.,-1.));
#2238 = DIRECTION('',(-0.,-1.,0.));
#2239 = FACE_BOUND('',#2240,.T.);
#2240 = EDGE_LOOP('',(#2241));
#2241 = ORIENTED_EDGE('',*,*,#2242,.T.);
#2242 = EDGE_CURVE('',#2243,#2243,#2245,.T.);
#2243 = VERTEX_POINT('',#2244);
#2244 = CARTESIAN_POINT('',(49.38,-91.625,1.51));
#2245 = CIRCLE('',#2246,0.5);
#2246 = AXIS2_PLACEMENT_3D('',#2247,#2248,#2249);
#2247 = CARTESIAN_POINT('',(49.38,-91.125,1.51));
#2248 = DIRECTION('',(-0.,0.,-1.));
#2249 = DIRECTION('',(-0.,-1.,0.));
#2250 = FACE_BOUND('',#2251,.T.);
#2251 = EDGE_LOOP('',(#2252));
#2252 = ORIENTED_EDGE('',*,*,#2253,.T.);
#2253 = EDGE_CURVE('',#2254,#2254,#2256,.T.);
#2254 = VERTEX_POINT('',#2255);
#2255 = CARTESIAN_POINT('',(51.92,-91.625,1.51));
#2256 = CIRCLE('',#2257,0.5);
#2257 = AXIS2_PLACEMENT_3D('',#2258,#2259,#2260);
#2258 = CARTESIAN_POINT('',(51.92,-91.125,1.51));
#2259 = DIRECTION('',(-0.,0.,-1.));
#2260 = DIRECTION('',(-0.,-1.,0.));
#2261 = FACE_BOUND('',#2262,.T.);
#2262 = EDGE_LOOP('',(#2263));
#2263 = ORIENTED_EDGE('',*,*,#2264,.T.);
#2264 = EDGE_CURVE('',#2265,#2265,#2267,.T.);
#2265 = VERTEX_POINT('',#2266);
#2266 = CARTESIAN_POINT('',(54.46,-91.625,1.51));
#2267 = CIRCLE('',#2268,0.5);
#2268 = AXIS2_PLACEMENT_3D('',#2269,#2270,#2271);
#2269 = CARTESIAN_POINT('',(54.46,-91.125,1.51));
#2270 = DIRECTION('',(-0.,0.,-1.));
#2271 = DIRECTION('',(-0.,-1.,0.));
#2272 = FACE_BOUND('',#2273,.T.);
#2273 = EDGE_LOOP('',(#2274));
#2274 = ORIENTED_EDGE('',*,*,#2275,.T.);
#2275 = EDGE_CURVE('',#2276,#2276,#2278,.T.);
#2276 = VERTEX_POINT('',#2277);
#2277 = CARTESIAN_POINT('',(57.,-91.625,1.51));
#2278 = CIRCLE('',#2279,0.5);
#2279 = AXIS2_PLACEMENT_3D('',#2280,#2281,#2282);
#2280 = CARTESIAN_POINT('',(57.,-91.125,1.51));
#2281 = DIRECTION('',(-0.,0.,-1.));
#2282 = DIRECTION('',(-0.,-1.,0.));
#2283 = FACE_BOUND('',#2284,.T.);
#2284 = EDGE_LOOP('',(#2285));
#2285 = ORIENTED_EDGE('',*,*,#2286,.T.);
#2286 = EDGE_CURVE('',#2287,#2287,#2289,.T.);
#2287 = VERTEX_POINT('',#2288);
#2288 = CARTESIAN_POINT('',(59.54,-91.625,1.51));
#2289 = CIRCLE('',#2290,0.5);
#2290 = AXIS2_PLACEMENT_3D('',#2291,#2292,#2293);
#2291 = CARTESIAN_POINT('',(59.54,-91.125,1.51));
#2292 = DIRECTION('',(-0.,0.,-1.));
#2293 = DIRECTION('',(-0.,-1.,0.));
#2294 = FACE_BOUND('',#2295,.T.);
#2295 = EDGE_LOOP('',(#2296));
#2296 = ORIENTED_EDGE('',*,*,#2297,.T.);
#2297 = EDGE_CURVE('',#2298,#2298,#2300,.T.);
#2298 = VERTEX_POINT('',#2299);
#2299 = CARTESIAN_POINT('',(62.08,-91.625,1.51));
#2300 = CIRCLE('',#2301,0.5);
#2301 = AXIS2_PLACEMENT_3D('',#2302,#2303,#2304);
#2302 = CARTESIAN_POINT('',(62.08,-91.125,1.51));
#2303 = DIRECTION('',(-0.,0.,-1.));
#2304 = DIRECTION('',(-0.,-1.,0.));
#2305 = FACE_BOUND('',#2306,.T.);
#2306 = EDGE_LOOP('',(#2307));
#2307 = ORIENTED_EDGE('',*,*,#2308,.T.);
#2308 = EDGE_CURVE('',#2309,#2309,#2311,.T.);
#2309 = VERTEX_POINT('',#2310);
#2310 = CARTESIAN_POINT('',(64.62,-91.625,1.51));
#2311 = CIRCLE('',#2312,0.5);
#2312 = AXIS2_PLACEMENT_3D('',#2313,#2314,#2315);
#2313 = CARTESIAN_POINT('',(64.62,-91.125,1.51));
#2314 = DIRECTION('',(-0.,0.,-1.));
#2315 = DIRECTION('',(-0.,-1.,0.));
#2316 = FACE_BOUND('',#2317,.T.);
#2317 = EDGE_LOOP('',(#2318));
#2318 = ORIENTED_EDGE('',*,*,#2319,.T.);
#2319 = EDGE_CURVE('',#2320,#2320,#2322,.T.);
#2320 = VERTEX_POINT('',#2321);
#2321 = CARTESIAN_POINT('',(73.42,-102.35,1.51));
#2322 = CIRCLE('',#2323,0.85);
#2323 = AXIS2_PLACEMENT_3D('',#2324,#2325,#2326);
#2324 = CARTESIAN_POINT('',(73.42,-101.5,1.51));
#2325 = DIRECTION('',(-0.,0.,-1.));
#2326 = DIRECTION('',(1.671865260612E-14,-1.,-0.));
#2327 = FACE_BOUND('',#2328,.T.);
#2328 = EDGE_LOOP('',(#2329));
#2329 = ORIENTED_EDGE('',*,*,#2330,.T.);
#2330 = EDGE_CURVE('',#2331,#2331,#2333,.T.);
#2331 = VERTEX_POINT('',#2332);
#2332 = CARTESIAN_POINT('',(74.69,-99.71,1.51));
#2333 = CIRCLE('',#2334,0.75);
#2334 = AXIS2_PLACEMENT_3D('',#2335,#2336,#2337);
#2335 = CARTESIAN_POINT('',(74.69,-98.96,1.51));
#2336 = DIRECTION('',(-0.,0.,-1.));
#2337 = DIRECTION('',(-0.,-1.,0.));
#2338 = FACE_BOUND('',#2339,.T.);
#2339 = EDGE_LOOP('',(#2340));
#2340 = ORIENTED_EDGE('',*,*,#2341,.T.);
#2341 = EDGE_CURVE('',#2342,#2342,#2344,.T.);
#2342 = VERTEX_POINT('',#2343);
#2343 = CARTESIAN_POINT('',(78.5,-103.5,1.51));
#2344 = CIRCLE('',#2345,2.);
#2345 = AXIS2_PLACEMENT_3D('',#2346,#2347,#2348);
#2346 = CARTESIAN_POINT('',(78.5,-101.5,1.51));
#2347 = DIRECTION('',(-0.,0.,-1.));
#2348 = DIRECTION('',(-0.,-1.,0.));
#2349 = FACE_BOUND('',#2350,.T.);
#2350 = EDGE_LOOP('',(#2351));
#2351 = ORIENTED_EDGE('',*,*,#2352,.T.);
#2352 = EDGE_CURVE('',#2353,#2353,#2355,.T.);
#2353 = VERTEX_POINT('',#2354);
#2354 = CARTESIAN_POINT('',(83.58,-102.35,1.51));
#2355 = CIRCLE('',#2356,0.85);
#2356 = AXIS2_PLACEMENT_3D('',#2357,#2358,#2359);
#2357 = CARTESIAN_POINT('',(83.58,-101.5,1.51));
#2358 = DIRECTION('',(-0.,0.,-1.));
#2359 = DIRECTION('',(-1.671865260612E-14,-1.,0.));
#2360 = FACE_BOUND('',#2361,.T.);
#2361 = EDGE_LOOP('',(#2362));
#2362 = ORIENTED_EDGE('',*,*,#2363,.T.);
#2363 = EDGE_CURVE('',#2364,#2364,#2366,.T.);
#2364 = VERTEX_POINT('',#2365);
#2365 = CARTESIAN_POINT('',(81.04,-97.17,1.51));
#2366 = CIRCLE('',#2367,0.75);
#2367 = AXIS2_PLACEMENT_3D('',#2368,#2369,#2370);
#2368 = CARTESIAN_POINT('',(81.04,-96.42,1.51));
#2369 = DIRECTION('',(-0.,0.,-1.));
#2370 = DIRECTION('',(-0.,-1.,0.));
#2371 = FACE_BOUND('',#2372,.T.);
#2372 = EDGE_LOOP('',(#2373));
#2373 = ORIENTED_EDGE('',*,*,#2374,.T.);
#2374 = EDGE_CURVE('',#2375,#2375,#2377,.T.);
#2375 = VERTEX_POINT('',#2376);
#2376 = CARTESIAN_POINT('',(88.,-87.35,1.51));
#2377 = CIRCLE('',#2378,1.35);
#2378 = AXIS2_PLACEMENT_3D('',#2379,#2380,#2381);
#2379 = CARTESIAN_POINT('',(88.,-86.,1.51));
#2380 = DIRECTION('',(-0.,0.,-1.));
#2381 = DIRECTION('',(-0.,-1.,0.));
#2382 = FACE_BOUND('',#2383,.T.);
#2383 = EDGE_LOOP('',(#2384));
#2384 = ORIENTED_EDGE('',*,*,#2385,.T.);
#2385 = EDGE_CURVE('',#2386,#2386,#2388,.T.);
#2386 = VERTEX_POINT('',#2387);
#2387 = CARTESIAN_POINT('',(49.38,-76.375,1.51));
#2388 = CIRCLE('',#2389,0.5);
#2389 = AXIS2_PLACEMENT_3D('',#2390,#2391,#2392);
#2390 = CARTESIAN_POINT('',(49.38,-75.875,1.51));
#2391 = DIRECTION('',(-0.,0.,-1.));
#2392 = DIRECTION('',(-0.,-1.,0.));
#2393 = FACE_BOUND('',#2394,.T.);
#2394 = EDGE_LOOP('',(#2395));
#2395 = ORIENTED_EDGE('',*,*,#2396,.T.);
#2396 = EDGE_CURVE('',#2397,#2397,#2399,.T.);
#2397 = VERTEX_POINT('',#2398);
#2398 = CARTESIAN_POINT('',(51.92,-76.375,1.51));
#2399 = CIRCLE('',#2400,0.5);
#2400 = AXIS2_PLACEMENT_3D('',#2401,#2402,#2403);
#2401 = CARTESIAN_POINT('',(51.92,-75.875,1.51));
#2402 = DIRECTION('',(-0.,0.,-1.));
#2403 = DIRECTION('',(-0.,-1.,0.));
#2404 = FACE_BOUND('',#2405,.T.);
#2405 = EDGE_LOOP('',(#2406));
#2406 = ORIENTED_EDGE('',*,*,#2407,.T.);
#2407 = EDGE_CURVE('',#2408,#2408,#2410,.T.);
#2408 = VERTEX_POINT('',#2409);
#2409 = CARTESIAN_POINT('',(54.46,-76.375,1.51));
#2410 = CIRCLE('',#2411,0.5);
#2411 = AXIS2_PLACEMENT_3D('',#2412,#2413,#2414);
#2412 = CARTESIAN_POINT('',(54.46,-75.875,1.51));
#2413 = DIRECTION('',(-0.,0.,-1.));
#2414 = DIRECTION('',(-0.,-1.,0.));
#2415 = FACE_BOUND('',#2416,.T.);
#2416 = EDGE_LOOP('',(#2417));
#2417 = ORIENTED_EDGE('',*,*,#2418,.T.);
#2418 = EDGE_CURVE('',#2419,#2419,#2421,.T.);
#2419 = VERTEX_POINT('',#2420);
#2420 = CARTESIAN_POINT('',(57.,-76.375,1.51));
#2421 = CIRCLE('',#2422,0.5);
#2422 = AXIS2_PLACEMENT_3D('',#2423,#2424,#2425);
#2423 = CARTESIAN_POINT('',(57.,-75.875,1.51));
#2424 = DIRECTION('',(-0.,0.,-1.));
#2425 = DIRECTION('',(-0.,-1.,0.));
#2426 = FACE_BOUND('',#2427,.T.);
#2427 = EDGE_LOOP('',(#2428));
#2428 = ORIENTED_EDGE('',*,*,#2429,.T.);
#2429 = EDGE_CURVE('',#2430,#2430,#2432,.T.);
#2430 = VERTEX_POINT('',#2431);
#2431 = CARTESIAN_POINT('',(59.54,-76.375,1.51));
#2432 = CIRCLE('',#2433,0.5);
#2433 = AXIS2_PLACEMENT_3D('',#2434,#2435,#2436);
#2434 = CARTESIAN_POINT('',(59.54,-75.875,1.51));
#2435 = DIRECTION('',(-0.,0.,-1.));
#2436 = DIRECTION('',(-0.,-1.,0.));
#2437 = FACE_BOUND('',#2438,.T.);
#2438 = EDGE_LOOP('',(#2439));
#2439 = ORIENTED_EDGE('',*,*,#2440,.T.);
#2440 = EDGE_CURVE('',#2441,#2441,#2443,.T.);
#2441 = VERTEX_POINT('',#2442);
#2442 = CARTESIAN_POINT('',(62.08,-76.375,1.51));
#2443 = CIRCLE('',#2444,0.5);
#2444 = AXIS2_PLACEMENT_3D('',#2445,#2446,#2447);
#2445 = CARTESIAN_POINT('',(62.08,-75.875,1.51));
#2446 = DIRECTION('',(-0.,0.,-1.));
#2447 = DIRECTION('',(-0.,-1.,0.));
#2448 = FACE_BOUND('',#2449,.T.);
#2449 = EDGE_LOOP('',(#2450));
#2450 = ORIENTED_EDGE('',*,*,#2451,.T.);
#2451 = EDGE_CURVE('',#2452,#2452,#2454,.T.);
#2452 = VERTEX_POINT('',#2453);
#2453 = CARTESIAN_POINT('',(64.62,-76.375,1.51));
#2454 = CIRCLE('',#2455,0.5);
#2455 = AXIS2_PLACEMENT_3D('',#2456,#2457,#2458);
#2456 = CARTESIAN_POINT('',(64.62,-75.875,1.51));
#2457 = DIRECTION('',(-0.,0.,-1.));
#2458 = DIRECTION('',(-0.,-1.,0.));
#2459 = FACE_BOUND('',#2460,.T.);
#2460 = EDGE_LOOP('',(#2461));
#2461 = ORIENTED_EDGE('',*,*,#2462,.T.);
#2462 = EDGE_CURVE('',#2463,#2463,#2465,.T.);
#2463 = VERTEX_POINT('',#2464);
#2464 = CARTESIAN_POINT('',(86.,-73.,1.51));
#2465 = CIRCLE('',#2466,0.5);
#2466 = AXIS2_PLACEMENT_3D('',#2467,#2468,#2469);
#2467 = CARTESIAN_POINT('',(86.,-72.5,1.51));
#2468 = DIRECTION('',(-0.,0.,-1.));
#2469 = DIRECTION('',(-0.,-1.,0.));
#2470 = FACE_BOUND('',#2471,.T.);
#2471 = EDGE_LOOP('',(#2472));
#2472 = ORIENTED_EDGE('',*,*,#2473,.T.);
#2473 = EDGE_CURVE('',#2474,#2474,#2476,.T.);
#2474 = VERTEX_POINT('',#2475);
#2475 = CARTESIAN_POINT('',(86.,-70.46,1.51));
#2476 = CIRCLE('',#2477,0.5);
#2477 = AXIS2_PLACEMENT_3D('',#2478,#2479,#2480);
#2478 = CARTESIAN_POINT('',(86.,-69.96,1.51));
#2479 = DIRECTION('',(-0.,0.,-1.));
#2480 = DIRECTION('',(-0.,-1.,0.));
#2481 = FACE_BOUND('',#2482,.T.);
#2482 = EDGE_LOOP('',(#2483));
#2483 = ORIENTED_EDGE('',*,*,#2484,.T.);
#2484 = EDGE_CURVE('',#2485,#2485,#2487,.T.);
#2485 = VERTEX_POINT('',#2486);
#2486 = CARTESIAN_POINT('',(86.,-67.92,1.51));
#2487 = CIRCLE('',#2488,0.5);
#2488 = AXIS2_PLACEMENT_3D('',#2489,#2490,#2491);
#2489 = CARTESIAN_POINT('',(86.,-67.42,1.51));
#2490 = DIRECTION('',(-0.,0.,-1.));
#2491 = DIRECTION('',(-0.,-1.,0.));
#2492 = FACE_BOUND('',#2493,.T.);
#2493 = EDGE_LOOP('',(#2494));
#2494 = ORIENTED_EDGE('',*,*,#2495,.T.);
#2495 = EDGE_CURVE('',#2496,#2496,#2498,.T.);
#2496 = VERTEX_POINT('',#2497);
#2497 = CARTESIAN_POINT('',(86.,-65.38,1.51));
#2498 = CIRCLE('',#2499,0.5);
#2499 = AXIS2_PLACEMENT_3D('',#2500,#2501,#2502);
#2500 = CARTESIAN_POINT('',(86.,-64.88,1.51));
#2501 = DIRECTION('',(-0.,0.,-1.));
#2502 = DIRECTION('',(-0.,-1.,0.));
#2503 = FACE_BOUND('',#2504,.T.);
#2504 = EDGE_LOOP('',(#2505));
#2505 = ORIENTED_EDGE('',*,*,#2506,.T.);
#2506 = EDGE_CURVE('',#2507,#2507,#2509,.T.);
#2507 = VERTEX_POINT('',#2508);
#2508 = CARTESIAN_POINT('',(93.265715,-102.35,1.51));
#2509 = CIRCLE('',#2510,0.85);
#2510 = AXIS2_PLACEMENT_3D('',#2511,#2512,#2513);
#2511 = CARTESIAN_POINT('',(93.265715,-101.5,1.51));
#2512 = DIRECTION('',(-0.,0.,-1.));
#2513 = DIRECTION('',(-0.,-1.,0.));
#2514 = FACE_BOUND('',#2515,.T.);
#2515 = EDGE_LOOP('',(#2516));
#2516 = ORIENTED_EDGE('',*,*,#2517,.T.);
#2517 = EDGE_CURVE('',#2518,#2518,#2520,.T.);
#2518 = VERTEX_POINT('',#2519);
#2519 = CARTESIAN_POINT('',(94.535715,-99.71,1.51));
#2520 = CIRCLE('',#2521,0.75);
#2521 = AXIS2_PLACEMENT_3D('',#2522,#2523,#2524);
#2522 = CARTESIAN_POINT('',(94.535715,-98.96,1.51));
#2523 = DIRECTION('',(-0.,0.,-1.));
#2524 = DIRECTION('',(-0.,-1.,0.));
#2525 = FACE_BOUND('',#2526,.T.);
#2526 = EDGE_LOOP('',(#2527));
#2527 = ORIENTED_EDGE('',*,*,#2528,.T.);
#2528 = EDGE_CURVE('',#2529,#2529,#2531,.T.);
#2529 = VERTEX_POINT('',#2530);
#2530 = CARTESIAN_POINT('',(98.345715,-103.5,1.51));
#2531 = CIRCLE('',#2532,2.);
#2532 = AXIS2_PLACEMENT_3D('',#2533,#2534,#2535);
#2533 = CARTESIAN_POINT('',(98.345715,-101.5,1.51));
#2534 = DIRECTION('',(-0.,0.,-1.));
#2535 = DIRECTION('',(-0.,-1.,0.));
#2536 = FACE_BOUND('',#2537,.T.);
#2537 = EDGE_LOOP('',(#2538));
#2538 = ORIENTED_EDGE('',*,*,#2539,.T.);
#2539 = EDGE_CURVE('',#2540,#2540,#2542,.T.);
#2540 = VERTEX_POINT('',#2541);
#2541 = CARTESIAN_POINT('',(103.425715,-102.35,1.51));
#2542 = CIRCLE('',#2543,0.85);
#2543 = AXIS2_PLACEMENT_3D('',#2544,#2545,#2546);
#2544 = CARTESIAN_POINT('',(103.425715,-101.5,1.51));
#2545 = DIRECTION('',(-0.,0.,-1.));
#2546 = DIRECTION('',(-0.,-1.,0.));
#2547 = FACE_BOUND('',#2548,.T.);
#2548 = EDGE_LOOP('',(#2549));
#2549 = ORIENTED_EDGE('',*,*,#2550,.T.);
#2550 = EDGE_CURVE('',#2551,#2551,#2553,.T.);
#2551 = VERTEX_POINT('',#2552);
#2552 = CARTESIAN_POINT('',(100.885715,-97.17,1.51));
#2553 = CIRCLE('',#2554,0.75);
#2554 = AXIS2_PLACEMENT_3D('',#2555,#2556,#2557);
#2555 = CARTESIAN_POINT('',(100.885715,-96.42,1.51));
#2556 = DIRECTION('',(-0.,0.,-1.));
#2557 = DIRECTION('',(-0.,-1.,0.));
#2558 = FACE_BOUND('',#2559,.T.);
#2559 = EDGE_LOOP('',(#2560));
#2560 = ORIENTED_EDGE('',*,*,#2561,.T.);
#2561 = EDGE_CURVE('',#2562,#2562,#2564,.T.);
#2562 = VERTEX_POINT('',#2563);
#2563 = CARTESIAN_POINT('',(113.111429,-102.35,1.51));
#2564 = CIRCLE('',#2565,0.85);
#2565 = AXIS2_PLACEMENT_3D('',#2566,#2567,#2568);
#2566 = CARTESIAN_POINT('',(113.111429,-101.5,1.51));
#2567 = DIRECTION('',(-0.,0.,-1.));
#2568 = DIRECTION('',(-0.,-1.,0.));
#2569 = FACE_BOUND('',#2570,.T.);
#2570 = EDGE_LOOP('',(#2571));
#2571 = ORIENTED_EDGE('',*,*,#2572,.T.);
#2572 = EDGE_CURVE('',#2573,#2573,#2575,.T.);
#2573 = VERTEX_POINT('',#2574);
#2574 = CARTESIAN_POINT('',(114.381429,-99.71,1.51));
#2575 = CIRCLE('',#2576,0.75);
#2576 = AXIS2_PLACEMENT_3D('',#2577,#2578,#2579);
#2577 = CARTESIAN_POINT('',(114.381429,-98.96,1.51));
#2578 = DIRECTION('',(-0.,0.,-1.));
#2579 = DIRECTION('',(-0.,-1.,0.));
#2580 = FACE_BOUND('',#2581,.T.);
#2581 = EDGE_LOOP('',(#2582));
#2582 = ORIENTED_EDGE('',*,*,#2583,.T.);
#2583 = EDGE_CURVE('',#2584,#2584,#2586,.T.);
#2584 = VERTEX_POINT('',#2585);
#2585 = CARTESIAN_POINT('',(118.191429,-103.5,1.51));
#2586 = CIRCLE('',#2587,2.);
#2587 = AXIS2_PLACEMENT_3D('',#2588,#2589,#2590);
#2588 = CARTESIAN_POINT('',(118.191429,-101.5,1.51));
#2589 = DIRECTION('',(-0.,0.,-1.));
#2590 = DIRECTION('',(-0.,-1.,0.));
#2591 = FACE_BOUND('',#2592,.T.);
#2592 = EDGE_LOOP('',(#2593));
#2593 = ORIENTED_EDGE('',*,*,#2594,.T.);
#2594 = EDGE_CURVE('',#2595,#2595,#2597,.T.);
#2595 = VERTEX_POINT('',#2596);
#2596 = CARTESIAN_POINT('',(123.271429,-102.35,1.51));
#2597 = CIRCLE('',#2598,0.85);
#2598 = AXIS2_PLACEMENT_3D('',#2599,#2600,#2601);
#2599 = CARTESIAN_POINT('',(123.271429,-101.5,1.51));
#2600 = DIRECTION('',(-0.,0.,-1.));
#2601 = DIRECTION('',(-1.671865260612E-14,-1.,0.));
#2602 = FACE_BOUND('',#2603,.T.);
#2603 = EDGE_LOOP('',(#2604));
#2604 = ORIENTED_EDGE('',*,*,#2605,.T.);
#2605 = EDGE_CURVE('',#2606,#2606,#2608,.T.);
#2606 = VERTEX_POINT('',#2607);
#2607 = CARTESIAN_POINT('',(120.731429,-97.17,1.51));
#2608 = CIRCLE('',#2609,0.75);
#2609 = AXIS2_PLACEMENT_3D('',#2610,#2611,#2612);
#2610 = CARTESIAN_POINT('',(120.731429,-96.42,1.51));
#2611 = DIRECTION('',(-0.,0.,-1.));
#2612 = DIRECTION('',(-0.,-1.,0.));
#2613 = FACE_BOUND('',#2614,.T.);
#2614 = EDGE_LOOP('',(#2615));
#2615 = ORIENTED_EDGE('',*,*,#2616,.T.);
#2616 = EDGE_CURVE('',#2617,#2617,#2619,.T.);
#2617 = VERTEX_POINT('',#2618);
#2618 = CARTESIAN_POINT('',(99.38,-81.09,1.51));
#2619 = CIRCLE('',#2620,0.4);
#2620 = AXIS2_PLACEMENT_3D('',#2621,#2622,#2623);
#2621 = CARTESIAN_POINT('',(99.38,-80.69,1.51));
#2622 = DIRECTION('',(-0.,0.,-1.));
#2623 = DIRECTION('',(-0.,-1.,0.));
#2624 = FACE_BOUND('',#2625,.T.);
#2625 = EDGE_LOOP('',(#2626));
#2626 = ORIENTED_EDGE('',*,*,#2627,.T.);
#2627 = EDGE_CURVE('',#2628,#2628,#2630,.T.);
#2628 = VERTEX_POINT('',#2629);
#2629 = CARTESIAN_POINT('',(107.,-81.09,1.51));
#2630 = CIRCLE('',#2631,0.4);
#2631 = AXIS2_PLACEMENT_3D('',#2632,#2633,#2634);
#2632 = CARTESIAN_POINT('',(107.,-80.69,1.51));
#2633 = DIRECTION('',(-0.,0.,-1.));
#2634 = DIRECTION('',(-0.,-1.,0.));
#2635 = FACE_BOUND('',#2636,.T.);
#2636 = EDGE_LOOP('',(#2637,#2648,#2656,#2665));
#2637 = ORIENTED_EDGE('',*,*,#2638,.T.);
#2638 = EDGE_CURVE('',#2639,#2641,#2643,.T.);
#2639 = VERTEX_POINT('',#2640);
#2640 = CARTESIAN_POINT('',(101.65,-74.35,1.51));
#2641 = VERTEX_POINT('',#2642);
#2642 = CARTESIAN_POINT('',(101.65,-75.85,1.51));
#2643 = CIRCLE('',#2644,0.75);
#2644 = AXIS2_PLACEMENT_3D('',#2645,#2646,#2647);
#2645 = CARTESIAN_POINT('',(101.65,-75.1,1.51));
#2646 = DIRECTION('',(-0.,0.,-1.));
#2647 = DIRECTION('',(-0.,-1.,0.));
#2648 = ORIENTED_EDGE('',*,*,#2649,.T.);
#2649 = EDGE_CURVE('',#2641,#2650,#2652,.T.);
#2650 = VERTEX_POINT('',#2651);
#2651 = CARTESIAN_POINT('',(100.35,-75.85,1.51));
#2652 = LINE('',#2653,#2654);
#2653 = CARTESIAN_POINT('',(50.175,-75.85,1.51));
#2654 = VECTOR('',#2655,1.);
#2655 = DIRECTION('',(-1.,0.,0.));
#2656 = ORIENTED_EDGE('',*,*,#2657,.T.);
#2657 = EDGE_CURVE('',#2650,#2658,#2660,.T.);
#2658 = VERTEX_POINT('',#2659);
#2659 = CARTESIAN_POINT('',(100.35,-74.35,1.51));
#2660 = CIRCLE('',#2661,0.75);
#2661 = AXIS2_PLACEMENT_3D('',#2662,#2663,#2664);
#2662 = CARTESIAN_POINT('',(100.35,-75.1,1.51));
#2663 = DIRECTION('',(-0.,0.,-1.));
#2664 = DIRECTION('',(0.,1.,0.));
#2665 = ORIENTED_EDGE('',*,*,#2666,.T.);
#2666 = EDGE_CURVE('',#2658,#2639,#2667,.T.);
#2667 = LINE('',#2668,#2669);
#2668 = CARTESIAN_POINT('',(50.825,-74.35,1.51));
#2669 = VECTOR('',#2670,1.);
#2670 = DIRECTION('',(1.,0.,-0.));
#2671 = FACE_BOUND('',#2672,.T.);
#2672 = EDGE_LOOP('',(#2673));
#2673 = ORIENTED_EDGE('',*,*,#2674,.T.);
#2674 = EDGE_CURVE('',#2675,#2675,#2677,.T.);
#2675 = VERTEX_POINT('',#2676);
#2676 = CARTESIAN_POINT('',(93.5,-72.5,1.51));
#2677 = CIRCLE('',#2678,0.5);
#2678 = AXIS2_PLACEMENT_3D('',#2679,#2680,#2681);
#2679 = CARTESIAN_POINT('',(93.5,-72.,1.51));
#2680 = DIRECTION('',(-0.,0.,-1.));
#2681 = DIRECTION('',(-0.,-1.,0.));
#2682 = FACE_BOUND('',#2683,.T.);
#2683 = EDGE_LOOP('',(#2684));
#2684 = ORIENTED_EDGE('',*,*,#2685,.T.);
#2685 = EDGE_CURVE('',#2686,#2686,#2688,.T.);
#2686 = VERTEX_POINT('',#2687);
#2687 = CARTESIAN_POINT('',(93.5,-70.,1.51));
#2688 = CIRCLE('',#2689,0.5);
#2689 = AXIS2_PLACEMENT_3D('',#2690,#2691,#2692);
#2690 = CARTESIAN_POINT('',(93.5,-69.5,1.51));
#2691 = DIRECTION('',(-0.,0.,-1.));
#2692 = DIRECTION('',(-0.,-1.,0.));
#2693 = FACE_BOUND('',#2694,.T.);
#2694 = EDGE_LOOP('',(#2695));
#2695 = ORIENTED_EDGE('',*,*,#2696,.T.);
#2696 = EDGE_CURVE('',#2697,#2697,#2699,.T.);
#2697 = VERTEX_POINT('',#2698);
#2698 = CARTESIAN_POINT('',(93.5,-67.5,1.51));
#2699 = CIRCLE('',#2700,0.5);
#2700 = AXIS2_PLACEMENT_3D('',#2701,#2702,#2703);
#2701 = CARTESIAN_POINT('',(93.5,-67.,1.51));
#2702 = DIRECTION('',(-0.,0.,-1.));
#2703 = DIRECTION('',(-0.,-1.,0.));
#2704 = FACE_BOUND('',#2705,.T.);
#2705 = EDGE_LOOP('',(#2706));
#2706 = ORIENTED_EDGE('',*,*,#2707,.T.);
#2707 = EDGE_CURVE('',#2708,#2708,#2710,.T.);
#2708 = VERTEX_POINT('',#2709);
#2709 = CARTESIAN_POINT('',(108.,-72.5,1.51));
#2710 = CIRCLE('',#2711,0.5);
#2711 = AXIS2_PLACEMENT_3D('',#2712,#2713,#2714);
#2712 = CARTESIAN_POINT('',(108.,-72.,1.51));
#2713 = DIRECTION('',(-0.,0.,-1.));
#2714 = DIRECTION('',(-0.,-1.,0.));
#2715 = FACE_BOUND('',#2716,.T.);
#2716 = EDGE_LOOP('',(#2717,#2728,#2736,#2745));
#2717 = ORIENTED_EDGE('',*,*,#2718,.T.);
#2718 = EDGE_CURVE('',#2719,#2721,#2723,.T.);
#2719 = VERTEX_POINT('',#2720);
#2720 = CARTESIAN_POINT('',(101.65,-63.15,1.51));
#2721 = VERTEX_POINT('',#2722);
#2722 = CARTESIAN_POINT('',(101.65,-64.65,1.51));
#2723 = CIRCLE('',#2724,0.75);
#2724 = AXIS2_PLACEMENT_3D('',#2725,#2726,#2727);
#2725 = CARTESIAN_POINT('',(101.65,-63.9,1.51));
#2726 = DIRECTION('',(-0.,0.,-1.));
#2727 = DIRECTION('',(-0.,-1.,0.));
#2728 = ORIENTED_EDGE('',*,*,#2729,.T.);
#2729 = EDGE_CURVE('',#2721,#2730,#2732,.T.);
#2730 = VERTEX_POINT('',#2731);
#2731 = CARTESIAN_POINT('',(100.35,-64.65,1.51));
#2732 = LINE('',#2733,#2734);
#2733 = CARTESIAN_POINT('',(50.175,-64.65,1.51));
#2734 = VECTOR('',#2735,1.);
#2735 = DIRECTION('',(-1.,0.,0.));
#2736 = ORIENTED_EDGE('',*,*,#2737,.T.);
#2737 = EDGE_CURVE('',#2730,#2738,#2740,.T.);
#2738 = VERTEX_POINT('',#2739);
#2739 = CARTESIAN_POINT('',(100.35,-63.15,1.51));
#2740 = CIRCLE('',#2741,0.75);
#2741 = AXIS2_PLACEMENT_3D('',#2742,#2743,#2744);
#2742 = CARTESIAN_POINT('',(100.35,-63.9,1.51));
#2743 = DIRECTION('',(-0.,0.,-1.));
#2744 = DIRECTION('',(0.,1.,0.));
#2745 = ORIENTED_EDGE('',*,*,#2746,.T.);
#2746 = EDGE_CURVE('',#2738,#2719,#2747,.T.);
#2747 = LINE('',#2748,#2749);
#2748 = CARTESIAN_POINT('',(50.825,-63.15,1.51));
#2749 = VECTOR('',#2750,1.);
#2750 = DIRECTION('',(1.,0.,-0.));
#2751 = FACE_BOUND('',#2752,.T.);
#2752 = EDGE_LOOP('',(#2753));
#2753 = ORIENTED_EDGE('',*,*,#2754,.T.);
#2754 = EDGE_CURVE('',#2755,#2755,#2757,.T.);
#2755 = VERTEX_POINT('',#2756);
#2756 = CARTESIAN_POINT('',(108.,-67.5,1.51));
#2757 = CIRCLE('',#2758,0.5);
#2758 = AXIS2_PLACEMENT_3D('',#2759,#2760,#2761);
#2759 = CARTESIAN_POINT('',(108.,-67.,1.51));
#2760 = DIRECTION('',(-0.,0.,-1.));
#2761 = DIRECTION('',(-0.,-1.,0.));
#2762 = FACE_BOUND('',#2763,.T.);
#2763 = EDGE_LOOP('',(#2764));
#2764 = ORIENTED_EDGE('',*,*,#2765,.T.);
#2765 = EDGE_CURVE('',#2766,#2766,#2768,.T.);
#2766 = VERTEX_POINT('',#2767);
#2767 = CARTESIAN_POINT('',(120.5,-80.9,1.51));
#2768 = CIRCLE('',#2769,0.4);
#2769 = AXIS2_PLACEMENT_3D('',#2770,#2771,#2772);
#2770 = CARTESIAN_POINT('',(120.5,-80.5,1.51));
#2771 = DIRECTION('',(-0.,0.,-1.));
#2772 = DIRECTION('',(-0.,-1.,0.));
#2773 = FACE_BOUND('',#2774,.T.);
#2774 = EDGE_LOOP('',(#2775));
#2775 = ORIENTED_EDGE('',*,*,#2776,.T.);
#2776 = EDGE_CURVE('',#2777,#2777,#2779,.T.);
#2777 = VERTEX_POINT('',#2778);
#2778 = CARTESIAN_POINT('',(128.12,-80.9,1.51));
#2779 = CIRCLE('',#2780,0.4);
#2780 = AXIS2_PLACEMENT_3D('',#2781,#2782,#2783);
#2781 = CARTESIAN_POINT('',(128.12,-80.5,1.51));
#2782 = DIRECTION('',(-0.,0.,-1.));
#2783 = DIRECTION('',(-0.,-1.,0.));
#2784 = FACE_BOUND('',#2785,.T.);
#2785 = EDGE_LOOP('',(#2786,#2797,#2805,#2814));
#2786 = ORIENTED_EDGE('',*,*,#2787,.T.);
#2787 = EDGE_CURVE('',#2788,#2790,#2792,.T.);
#2788 = VERTEX_POINT('',#2789);
#2789 = CARTESIAN_POINT('',(121.4,-74.35,1.51));
#2790 = VERTEX_POINT('',#2791);
#2791 = CARTESIAN_POINT('',(121.4,-75.85,1.51));
#2792 = CIRCLE('',#2793,0.75);
#2793 = AXIS2_PLACEMENT_3D('',#2794,#2795,#2796);
#2794 = CARTESIAN_POINT('',(121.4,-75.1,1.51));
#2795 = DIRECTION('',(-0.,0.,-1.));
#2796 = DIRECTION('',(-0.,-1.,0.));
#2797 = ORIENTED_EDGE('',*,*,#2798,.T.);
#2798 = EDGE_CURVE('',#2790,#2799,#2801,.T.);
#2799 = VERTEX_POINT('',#2800);
#2800 = CARTESIAN_POINT('',(120.1,-75.85,1.51));
#2801 = LINE('',#2802,#2803);
#2802 = CARTESIAN_POINT('',(60.05,-75.85,1.51));
#2803 = VECTOR('',#2804,1.);
#2804 = DIRECTION('',(-1.,0.,0.));
#2805 = ORIENTED_EDGE('',*,*,#2806,.T.);
#2806 = EDGE_CURVE('',#2799,#2807,#2809,.T.);
#2807 = VERTEX_POINT('',#2808);
#2808 = CARTESIAN_POINT('',(120.1,-74.35,1.51));
#2809 = CIRCLE('',#2810,0.75);
#2810 = AXIS2_PLACEMENT_3D('',#2811,#2812,#2813);
#2811 = CARTESIAN_POINT('',(120.1,-75.1,1.51));
#2812 = DIRECTION('',(-0.,0.,-1.));
#2813 = DIRECTION('',(0.,1.,0.));
#2814 = ORIENTED_EDGE('',*,*,#2815,.T.);
#2815 = EDGE_CURVE('',#2807,#2788,#2816,.T.);
#2816 = LINE('',#2817,#2818);
#2817 = CARTESIAN_POINT('',(60.7,-74.35,1.51));
#2818 = VECTOR('',#2819,1.);
#2819 = DIRECTION('',(1.,0.,-0.));
#2820 = FACE_BOUND('',#2821,.T.);
#2821 = EDGE_LOOP('',(#2822));
#2822 = ORIENTED_EDGE('',*,*,#2823,.T.);
#2823 = EDGE_CURVE('',#2824,#2824,#2826,.T.);
#2824 = VERTEX_POINT('',#2825);
#2825 = CARTESIAN_POINT('',(113.25,-72.5,1.51));
#2826 = CIRCLE('',#2827,0.5);
#2827 = AXIS2_PLACEMENT_3D('',#2828,#2829,#2830);
#2828 = CARTESIAN_POINT('',(113.25,-72.,1.51));
#2829 = DIRECTION('',(-0.,0.,-1.));
#2830 = DIRECTION('',(-0.,-1.,0.));
#2831 = FACE_BOUND('',#2832,.T.);
#2832 = EDGE_LOOP('',(#2833));
#2833 = ORIENTED_EDGE('',*,*,#2834,.T.);
#2834 = EDGE_CURVE('',#2835,#2835,#2837,.T.);
#2835 = VERTEX_POINT('',#2836);
#2836 = CARTESIAN_POINT('',(113.25,-70.,1.51));
#2837 = CIRCLE('',#2838,0.5);
#2838 = AXIS2_PLACEMENT_3D('',#2839,#2840,#2841);
#2839 = CARTESIAN_POINT('',(113.25,-69.5,1.51));
#2840 = DIRECTION('',(-0.,0.,-1.));
#2841 = DIRECTION('',(-0.,-1.,0.));
#2842 = FACE_BOUND('',#2843,.T.);
#2843 = EDGE_LOOP('',(#2844));
#2844 = ORIENTED_EDGE('',*,*,#2845,.T.);
#2845 = EDGE_CURVE('',#2846,#2846,#2848,.T.);
#2846 = VERTEX_POINT('',#2847);
#2847 = CARTESIAN_POINT('',(113.25,-67.5,1.51));
#2848 = CIRCLE('',#2849,0.5);
#2849 = AXIS2_PLACEMENT_3D('',#2850,#2851,#2852);
#2850 = CARTESIAN_POINT('',(113.25,-67.,1.51));
#2851 = DIRECTION('',(-0.,0.,-1.));
#2852 = DIRECTION('',(-0.,-1.,0.));
#2853 = FACE_BOUND('',#2854,.T.);
#2854 = EDGE_LOOP('',(#2855));
#2855 = ORIENTED_EDGE('',*,*,#2856,.T.);
#2856 = EDGE_CURVE('',#2857,#2857,#2859,.T.);
#2857 = VERTEX_POINT('',#2858);
#2858 = CARTESIAN_POINT('',(127.75,-72.5,1.51));
#2859 = CIRCLE('',#2860,0.5);
#2860 = AXIS2_PLACEMENT_3D('',#2861,#2862,#2863);
#2861 = CARTESIAN_POINT('',(127.75,-72.,1.51));
#2862 = DIRECTION('',(-0.,0.,-1.));
#2863 = DIRECTION('',(-0.,-1.,0.));
#2864 = FACE_BOUND('',#2865,.T.);
#2865 = EDGE_LOOP('',(#2866,#2877,#2885,#2894));
#2866 = ORIENTED_EDGE('',*,*,#2867,.T.);
#2867 = EDGE_CURVE('',#2868,#2870,#2872,.T.);
#2868 = VERTEX_POINT('',#2869);
#2869 = CARTESIAN_POINT('',(121.4,-63.15,1.51));
#2870 = VERTEX_POINT('',#2871);
#2871 = CARTESIAN_POINT('',(121.4,-64.65,1.51));
#2872 = CIRCLE('',#2873,0.75);
#2873 = AXIS2_PLACEMENT_3D('',#2874,#2875,#2876);
#2874 = CARTESIAN_POINT('',(121.4,-63.9,1.51));
#2875 = DIRECTION('',(-0.,0.,-1.));
#2876 = DIRECTION('',(-0.,-1.,0.));
#2877 = ORIENTED_EDGE('',*,*,#2878,.T.);
#2878 = EDGE_CURVE('',#2870,#2879,#2881,.T.);
#2879 = VERTEX_POINT('',#2880);
#2880 = CARTESIAN_POINT('',(120.1,-64.65,1.51));
#2881 = LINE('',#2882,#2883);
#2882 = CARTESIAN_POINT('',(60.05,-64.65,1.51));
#2883 = VECTOR('',#2884,1.);
#2884 = DIRECTION('',(-1.,0.,0.));
#2885 = ORIENTED_EDGE('',*,*,#2886,.T.);
#2886 = EDGE_CURVE('',#2879,#2887,#2889,.T.);
#2887 = VERTEX_POINT('',#2888);
#2888 = CARTESIAN_POINT('',(120.1,-63.15,1.51));
#2889 = CIRCLE('',#2890,0.75);
#2890 = AXIS2_PLACEMENT_3D('',#2891,#2892,#2893);
#2891 = CARTESIAN_POINT('',(120.1,-63.9,1.51));
#2892 = DIRECTION('',(-0.,0.,-1.));
#2893 = DIRECTION('',(0.,1.,0.));
#2894 = ORIENTED_EDGE('',*,*,#2895,.T.);
#2895 = EDGE_CURVE('',#2887,#2868,#2896,.T.);
#2896 = LINE('',#2897,#2898);
#2897 = CARTESIAN_POINT('',(60.7,-63.15,1.51));
#2898 = VECTOR('',#2899,1.);
#2899 = DIRECTION('',(1.,0.,-0.));
#2900 = FACE_BOUND('',#2901,.T.);
#2901 = EDGE_LOOP('',(#2902));
#2902 = ORIENTED_EDGE('',*,*,#2903,.T.);
#2903 = EDGE_CURVE('',#2904,#2904,#2906,.T.);
#2904 = VERTEX_POINT('',#2905);
#2905 = CARTESIAN_POINT('',(127.75,-67.5,1.51));
#2906 = CIRCLE('',#2907,0.5);
#2907 = AXIS2_PLACEMENT_3D('',#2908,#2909,#2910);
#2908 = CARTESIAN_POINT('',(127.75,-67.,1.51));
#2909 = DIRECTION('',(-0.,0.,-1.));
#2910 = DIRECTION('',(-0.,-1.,0.));
#2911 = PLANE('',#2912);
#2912 = AXIS2_PLACEMENT_3D('',#2913,#2914,#2915);
#2913 = CARTESIAN_POINT('',(0.,0.,1.51));
#2914 = DIRECTION('',(0.,0.,1.));
#2915 = DIRECTION('',(1.,0.,-0.));
#2916 = ADVANCED_FACE('',(#2917),#2923,.T.);
#2917 = FACE_BOUND('',#2918,.T.);
#2918 = EDGE_LOOP('',(#2919,#2920,#2921,#2922));
#2919 = ORIENTED_EDGE('',*,*,#596,.T.);
#2920 = ORIENTED_EDGE('',*,*,#1771,.T.);
#2921 = ORIENTED_EDGE('',*,*,#556,.F.);
#2922 = ORIENTED_EDGE('',*,*,#620,.F.);
#2923 = PLANE('',#2924);
#2924 = AXIS2_PLACEMENT_3D('',#2925,#2926,#2927);
#2925 = CARTESIAN_POINT('',(46.,-58.,0.));
#2926 = DIRECTION('',(0.,1.,0.));
#2927 = DIRECTION('',(1.,0.,0.));
#2928 = ADVANCED_FACE('',(#2929),#2940,.F.);
#2929 = FACE_BOUND('',#2930,.T.);
#2930 = EDGE_LOOP('',(#2931,#2932,#2938,#2939));
#2931 = ORIENTED_EDGE('',*,*,#629,.T.);
#2932 = ORIENTED_EDGE('',*,*,#2933,.T.);
#2933 = EDGE_CURVE('',#630,#1781,#2934,.T.);
#2934 = LINE('',#2935,#2936);
#2935 = CARTESIAN_POINT('',(53.574286,-143.85,-4.6E-02));
#2936 = VECTOR('',#2937,1.);
#2937 = DIRECTION('',(0.,0.,1.));
#2938 = ORIENTED_EDGE('',*,*,#1780,.F.);
#2939 = ORIENTED_EDGE('',*,*,#2933,.F.);
#2940 = CYLINDRICAL_SURFACE('',#2941,0.85);
#2941 = AXIS2_PLACEMENT_3D('',#2942,#2943,#2944);
#2942 = CARTESIAN_POINT('',(53.574286,-143.,-4.6E-02));
#2943 = DIRECTION('',(-0.,-0.,-1.));
#2944 = DIRECTION('',(-0.,-1.,0.));
#2945 = ADVANCED_FACE('',(#2946),#2957,.F.);
#2946 = FACE_BOUND('',#2947,.T.);
#2947 = EDGE_LOOP('',(#2948,#2949,#2955,#2956));
#2948 = ORIENTED_EDGE('',*,*,#640,.T.);
#2949 = ORIENTED_EDGE('',*,*,#2950,.T.);
#2950 = EDGE_CURVE('',#641,#1792,#2951,.T.);
#2951 = LINE('',#2952,#2953);
#2952 = CARTESIAN_POINT('',(58.654286,-145.,-4.6E-02));
#2953 = VECTOR('',#2954,1.);
#2954 = DIRECTION('',(0.,0.,1.));
#2955 = ORIENTED_EDGE('',*,*,#1791,.F.);
#2956 = ORIENTED_EDGE('',*,*,#2950,.F.);
#2957 = CYLINDRICAL_SURFACE('',#2958,2.);
#2958 = AXIS2_PLACEMENT_3D('',#2959,#2960,#2961);
#2959 = CARTESIAN_POINT('',(58.654286,-143.,-4.6E-02));
#2960 = DIRECTION('',(-0.,-0.,-1.));
#2961 = DIRECTION('',(-0.,-1.,0.));
#2962 = ADVANCED_FACE('',(#2963),#2974,.F.);
#2963 = FACE_BOUND('',#2964,.T.);
#2964 = EDGE_LOOP('',(#2965,#2966,#2972,#2973));
#2965 = ORIENTED_EDGE('',*,*,#651,.T.);
#2966 = ORIENTED_EDGE('',*,*,#2967,.T.);
#2967 = EDGE_CURVE('',#652,#1803,#2968,.T.);
#2968 = LINE('',#2969,#2970);
#2969 = CARTESIAN_POINT('',(54.844286,-141.21,-4.6E-02));
#2970 = VECTOR('',#2971,1.);
#2971 = DIRECTION('',(0.,0.,1.));
#2972 = ORIENTED_EDGE('',*,*,#1802,.F.);
#2973 = ORIENTED_EDGE('',*,*,#2967,.F.);
#2974 = CYLINDRICAL_SURFACE('',#2975,0.75);
#2975 = AXIS2_PLACEMENT_3D('',#2976,#2977,#2978);
#2976 = CARTESIAN_POINT('',(54.844286,-140.46,-4.6E-02));
#2977 = DIRECTION('',(-0.,-0.,-1.));
#2978 = DIRECTION('',(-0.,-1.,0.));
#2979 = ADVANCED_FACE('',(#2980),#2991,.F.);
#2980 = FACE_BOUND('',#2981,.T.);
#2981 = EDGE_LOOP('',(#2982,#2983,#2989,#2990));
#2982 = ORIENTED_EDGE('',*,*,#662,.T.);
#2983 = ORIENTED_EDGE('',*,*,#2984,.T.);
#2984 = EDGE_CURVE('',#663,#1814,#2985,.T.);
#2985 = LINE('',#2986,#2987);
#2986 = CARTESIAN_POINT('',(63.734286,-143.85,-4.6E-02));
#2987 = VECTOR('',#2988,1.);
#2988 = DIRECTION('',(0.,0.,1.));
#2989 = ORIENTED_EDGE('',*,*,#1813,.F.);
#2990 = ORIENTED_EDGE('',*,*,#2984,.F.);
#2991 = CYLINDRICAL_SURFACE('',#2992,0.85);
#2992 = AXIS2_PLACEMENT_3D('',#2993,#2994,#2995);
#2993 = CARTESIAN_POINT('',(63.734286,-143.,-4.6E-02));
#2994 = DIRECTION('',(-0.,-0.,-1.));
#2995 = DIRECTION('',(-8.35932630306E-15,-1.,0.));
#2996 = ADVANCED_FACE('',(#2997),#3008,.F.);
#2997 = FACE_BOUND('',#2998,.T.);
#2998 = EDGE_LOOP('',(#2999,#3000,#3006,#3007));
#2999 = ORIENTED_EDGE('',*,*,#673,.T.);
#3000 = ORIENTED_EDGE('',*,*,#3001,.T.);
#3001 = EDGE_CURVE('',#674,#1825,#3002,.T.);
#3002 = LINE('',#3003,#3004);
#3003 = CARTESIAN_POINT('',(61.194286,-138.67,-4.6E-02));
#3004 = VECTOR('',#3005,1.);
#3005 = DIRECTION('',(0.,0.,1.));
#3006 = ORIENTED_EDGE('',*,*,#1824,.F.);
#3007 = ORIENTED_EDGE('',*,*,#3001,.F.);
#3008 = CYLINDRICAL_SURFACE('',#3009,0.75);
#3009 = AXIS2_PLACEMENT_3D('',#3010,#3011,#3012);
#3010 = CARTESIAN_POINT('',(61.194286,-137.92,-4.6E-02));
#3011 = DIRECTION('',(-0.,-0.,-1.));
#3012 = DIRECTION('',(-0.,-1.,0.));
#3013 = ADVANCED_FACE('',(#3014),#3025,.F.);
#3014 = FACE_BOUND('',#3015,.T.);
#3015 = EDGE_LOOP('',(#3016,#3017,#3023,#3024));
#3016 = ORIENTED_EDGE('',*,*,#684,.T.);
#3017 = ORIENTED_EDGE('',*,*,#3018,.T.);
#3018 = EDGE_CURVE('',#685,#1836,#3019,.T.);
#3019 = LINE('',#3020,#3021);
#3020 = CARTESIAN_POINT('',(49.5,-131.4,-4.6E-02));
#3021 = VECTOR('',#3022,1.);
#3022 = DIRECTION('',(0.,0.,1.));
#3023 = ORIENTED_EDGE('',*,*,#1835,.F.);
#3024 = ORIENTED_EDGE('',*,*,#3018,.F.);
#3025 = CYLINDRICAL_SURFACE('',#3026,0.4);
#3026 = AXIS2_PLACEMENT_3D('',#3027,#3028,#3029);
#3027 = CARTESIAN_POINT('',(49.5,-131.,-4.6E-02));
#3028 = DIRECTION('',(-0.,-0.,-1.));
#3029 = DIRECTION('',(-0.,-1.,0.));
#3030 = ADVANCED_FACE('',(#3031),#3042,.F.);
#3031 = FACE_BOUND('',#3032,.T.);
#3032 = EDGE_LOOP('',(#3033,#3034,#3040,#3041));
#3033 = ORIENTED_EDGE('',*,*,#695,.T.);
#3034 = ORIENTED_EDGE('',*,*,#3035,.T.);
#3035 = EDGE_CURVE('',#696,#1847,#3036,.T.);
#3036 = LINE('',#3037,#3038);
#3037 = CARTESIAN_POINT('',(57.12,-131.4,-4.6E-02));
#3038 = VECTOR('',#3039,1.);
#3039 = DIRECTION('',(0.,0.,1.));
#3040 = ORIENTED_EDGE('',*,*,#1846,.F.);
#3041 = ORIENTED_EDGE('',*,*,#3035,.F.);
#3042 = CYLINDRICAL_SURFACE('',#3043,0.4);
#3043 = AXIS2_PLACEMENT_3D('',#3044,#3045,#3046);
#3044 = CARTESIAN_POINT('',(57.12,-131.,-4.6E-02));
#3045 = DIRECTION('',(-0.,-0.,-1.));
#3046 = DIRECTION('',(-1.7763568394E-14,-1.,0.));
#3047 = ADVANCED_FACE('',(#3048),#3059,.F.);
#3048 = FACE_BOUND('',#3049,.T.);
#3049 = EDGE_LOOP('',(#3050,#3051,#3057,#3058));
#3050 = ORIENTED_EDGE('',*,*,#706,.T.);
#3051 = ORIENTED_EDGE('',*,*,#3052,.T.);
#3052 = EDGE_CURVE('',#707,#1858,#3053,.T.);
#3053 = LINE('',#3054,#3055);
#3054 = CARTESIAN_POINT('',(64.38,-131.4,-4.6E-02));
#3055 = VECTOR('',#3056,1.);
#3056 = DIRECTION('',(0.,0.,1.));
#3057 = ORIENTED_EDGE('',*,*,#1857,.F.);
#3058 = ORIENTED_EDGE('',*,*,#3052,.F.);
#3059 = CYLINDRICAL_SURFACE('',#3060,0.4);
#3060 = AXIS2_PLACEMENT_3D('',#3061,#3062,#3063);
#3061 = CARTESIAN_POINT('',(64.38,-131.,-4.6E-02));
#3062 = DIRECTION('',(-0.,-0.,-1.));
#3063 = DIRECTION('',(-0.,-1.,0.));
#3064 = ADVANCED_FACE('',(#3065),#3076,.F.);
#3065 = FACE_BOUND('',#3066,.T.);
#3066 = EDGE_LOOP('',(#3067,#3068,#3074,#3075));
#3067 = ORIENTED_EDGE('',*,*,#717,.T.);
#3068 = ORIENTED_EDGE('',*,*,#3069,.T.);
#3069 = EDGE_CURVE('',#718,#1869,#3070,.T.);
#3070 = LINE('',#3071,#3072);
#3071 = CARTESIAN_POINT('',(73.42,-143.85,-4.6E-02));
#3072 = VECTOR('',#3073,1.);
#3073 = DIRECTION('',(0.,0.,1.));
#3074 = ORIENTED_EDGE('',*,*,#1868,.F.);
#3075 = ORIENTED_EDGE('',*,*,#3069,.F.);
#3076 = CYLINDRICAL_SURFACE('',#3077,0.85);
#3077 = AXIS2_PLACEMENT_3D('',#3078,#3079,#3080);
#3078 = CARTESIAN_POINT('',(73.42,-143.,-4.6E-02));
#3079 = DIRECTION('',(-0.,0.,-1.));
#3080 = DIRECTION('',(1.671865260612E-14,-1.,-0.));
#3081 = ADVANCED_FACE('',(#3082),#3093,.F.);
#3082 = FACE_BOUND('',#3083,.T.);
#3083 = EDGE_LOOP('',(#3084,#3085,#3091,#3092));
#3084 = ORIENTED_EDGE('',*,*,#728,.T.);
#3085 = ORIENTED_EDGE('',*,*,#3086,.T.);
#3086 = EDGE_CURVE('',#729,#1880,#3087,.T.);
#3087 = LINE('',#3088,#3089);
#3088 = CARTESIAN_POINT('',(78.5,-145.,-4.6E-02));
#3089 = VECTOR('',#3090,1.);
#3090 = DIRECTION('',(0.,0.,1.));
#3091 = ORIENTED_EDGE('',*,*,#1879,.F.);
#3092 = ORIENTED_EDGE('',*,*,#3086,.F.);
#3093 = CYLINDRICAL_SURFACE('',#3094,2.);
#3094 = AXIS2_PLACEMENT_3D('',#3095,#3096,#3097);
#3095 = CARTESIAN_POINT('',(78.5,-143.,-4.6E-02));
#3096 = DIRECTION('',(-0.,-0.,-1.));
#3097 = DIRECTION('',(-0.,-1.,0.));
#3098 = ADVANCED_FACE('',(#3099),#3110,.F.);
#3099 = FACE_BOUND('',#3100,.T.);
#3100 = EDGE_LOOP('',(#3101,#3102,#3108,#3109));
#3101 = ORIENTED_EDGE('',*,*,#739,.T.);
#3102 = ORIENTED_EDGE('',*,*,#3103,.T.);
#3103 = EDGE_CURVE('',#740,#1891,#3104,.T.);
#3104 = LINE('',#3105,#3106);
#3105 = CARTESIAN_POINT('',(74.69,-141.21,-4.6E-02));
#3106 = VECTOR('',#3107,1.);
#3107 = DIRECTION('',(0.,0.,1.));
#3108 = ORIENTED_EDGE('',*,*,#1890,.F.);
#3109 = ORIENTED_EDGE('',*,*,#3103,.F.);
#3110 = CYLINDRICAL_SURFACE('',#3111,0.75);
#3111 = AXIS2_PLACEMENT_3D('',#3112,#3113,#3114);
#3112 = CARTESIAN_POINT('',(74.69,-140.46,-4.6E-02));
#3113 = DIRECTION('',(-0.,-0.,-1.));
#3114 = DIRECTION('',(-0.,-1.,0.));
#3115 = ADVANCED_FACE('',(#3116),#3127,.F.);
#3116 = FACE_BOUND('',#3117,.T.);
#3117 = EDGE_LOOP('',(#3118,#3119,#3125,#3126));
#3118 = ORIENTED_EDGE('',*,*,#750,.T.);
#3119 = ORIENTED_EDGE('',*,*,#3120,.T.);
#3120 = EDGE_CURVE('',#751,#1902,#3121,.T.);
#3121 = LINE('',#3122,#3123);
#3122 = CARTESIAN_POINT('',(83.58,-143.85,-4.6E-02));
#3123 = VECTOR('',#3124,1.);
#3124 = DIRECTION('',(0.,0.,1.));
#3125 = ORIENTED_EDGE('',*,*,#1901,.F.);
#3126 = ORIENTED_EDGE('',*,*,#3120,.F.);
#3127 = CYLINDRICAL_SURFACE('',#3128,0.85);
#3128 = AXIS2_PLACEMENT_3D('',#3129,#3130,#3131);
#3129 = CARTESIAN_POINT('',(83.58,-143.,-4.6E-02));
#3130 = DIRECTION('',(-0.,-0.,-1.));
#3131 = DIRECTION('',(-1.671865260612E-14,-1.,0.));
#3132 = ADVANCED_FACE('',(#3133),#3144,.F.);
#3133 = FACE_BOUND('',#3134,.T.);
#3134 = EDGE_LOOP('',(#3135,#3136,#3142,#3143));
#3135 = ORIENTED_EDGE('',*,*,#761,.T.);
#3136 = ORIENTED_EDGE('',*,*,#3137,.T.);
#3137 = EDGE_CURVE('',#762,#1913,#3138,.T.);
#3138 = LINE('',#3139,#3140);
#3139 = CARTESIAN_POINT('',(81.04,-138.67,-4.6E-02));
#3140 = VECTOR('',#3141,1.);
#3141 = DIRECTION('',(0.,0.,1.));
#3142 = ORIENTED_EDGE('',*,*,#1912,.F.);
#3143 = ORIENTED_EDGE('',*,*,#3137,.F.);
#3144 = CYLINDRICAL_SURFACE('',#3145,0.75);
#3145 = AXIS2_PLACEMENT_3D('',#3146,#3147,#3148);
#3146 = CARTESIAN_POINT('',(81.04,-137.92,-4.6E-02));
#3147 = DIRECTION('',(-0.,-0.,-1.));
#3148 = DIRECTION('',(-0.,-1.,0.));
#3149 = ADVANCED_FACE('',(#3150),#3161,.F.);
#3150 = FACE_BOUND('',#3151,.T.);
#3151 = EDGE_LOOP('',(#3152,#3153,#3159,#3160));
#3152 = ORIENTED_EDGE('',*,*,#772,.T.);
#3153 = ORIENTED_EDGE('',*,*,#3154,.T.);
#3154 = EDGE_CURVE('',#773,#1924,#3155,.T.);
#3155 = LINE('',#3156,#3157);
#3156 = CARTESIAN_POINT('',(72.,-131.4,-4.6E-02));
#3157 = VECTOR('',#3158,1.);
#3158 = DIRECTION('',(0.,0.,1.));
#3159 = ORIENTED_EDGE('',*,*,#1923,.F.);
#3160 = ORIENTED_EDGE('',*,*,#3154,.F.);
#3161 = CYLINDRICAL_SURFACE('',#3162,0.4);
#3162 = AXIS2_PLACEMENT_3D('',#3163,#3164,#3165);
#3163 = CARTESIAN_POINT('',(72.,-131.,-4.6E-02));
#3164 = DIRECTION('',(-0.,-0.,-1.));
#3165 = DIRECTION('',(-0.,-1.,0.));
#3166 = ADVANCED_FACE('',(#3167),#3178,.F.);
#3167 = FACE_BOUND('',#3168,.T.);
#3168 = EDGE_LOOP('',(#3169,#3170,#3176,#3177));
#3169 = ORIENTED_EDGE('',*,*,#783,.T.);
#3170 = ORIENTED_EDGE('',*,*,#3171,.T.);
#3171 = EDGE_CURVE('',#784,#1935,#3172,.T.);
#3172 = LINE('',#3173,#3174);
#3173 = CARTESIAN_POINT('',(54.5,-121.9,-4.6E-02));
#3174 = VECTOR('',#3175,1.);
#3175 = DIRECTION('',(0.,0.,1.));
#3176 = ORIENTED_EDGE('',*,*,#1934,.F.);
#3177 = ORIENTED_EDGE('',*,*,#3171,.F.);
#3178 = CYLINDRICAL_SURFACE('',#3179,0.4);
#3179 = AXIS2_PLACEMENT_3D('',#3180,#3181,#3182);
#3180 = CARTESIAN_POINT('',(54.5,-121.5,-4.6E-02));
#3181 = DIRECTION('',(-0.,-0.,-1.));
#3182 = DIRECTION('',(-0.,-1.,0.));
#3183 = ADVANCED_FACE('',(#3184),#3195,.F.);
#3184 = FACE_BOUND('',#3185,.T.);
#3185 = EDGE_LOOP('',(#3186,#3187,#3193,#3194));
#3186 = ORIENTED_EDGE('',*,*,#794,.T.);
#3187 = ORIENTED_EDGE('',*,*,#3188,.T.);
#3188 = EDGE_CURVE('',#795,#1946,#3189,.T.);
#3189 = LINE('',#3190,#3191);
#3190 = CARTESIAN_POINT('',(54.5,-114.28,-4.6E-02));
#3191 = VECTOR('',#3192,1.);
#3192 = DIRECTION('',(0.,0.,1.));
#3193 = ORIENTED_EDGE('',*,*,#1945,.F.);
#3194 = ORIENTED_EDGE('',*,*,#3188,.F.);
#3195 = CYLINDRICAL_SURFACE('',#3196,0.4);
#3196 = AXIS2_PLACEMENT_3D('',#3197,#3198,#3199);
#3197 = CARTESIAN_POINT('',(54.5,-113.88,-4.6E-02));
#3198 = DIRECTION('',(-0.,-0.,-1.));
#3199 = DIRECTION('',(-0.,-1.,0.));
#3200 = ADVANCED_FACE('',(#3201),#3212,.F.);
#3201 = FACE_BOUND('',#3202,.T.);
#3202 = EDGE_LOOP('',(#3203,#3204,#3210,#3211));
#3203 = ORIENTED_EDGE('',*,*,#805,.T.);
#3204 = ORIENTED_EDGE('',*,*,#3205,.T.);
#3205 = EDGE_CURVE('',#806,#1957,#3206,.T.);
#3206 = LINE('',#3207,#3208);
#3207 = CARTESIAN_POINT('',(74.5,-121.4,-4.6E-02));
#3208 = VECTOR('',#3209,1.);
#3209 = DIRECTION('',(0.,0.,1.));
#3210 = ORIENTED_EDGE('',*,*,#1956,.F.);
#3211 = ORIENTED_EDGE('',*,*,#3205,.F.);
#3212 = CYLINDRICAL_SURFACE('',#3213,0.4);
#3213 = AXIS2_PLACEMENT_3D('',#3214,#3215,#3216);
#3214 = CARTESIAN_POINT('',(74.5,-121.,-4.6E-02));
#3215 = DIRECTION('',(-0.,-0.,-1.));
#3216 = DIRECTION('',(-0.,-1.,0.));
#3217 = ADVANCED_FACE('',(#3218),#3229,.F.);
#3218 = FACE_BOUND('',#3219,.T.);
#3219 = EDGE_LOOP('',(#3220,#3221,#3227,#3228));
#3220 = ORIENTED_EDGE('',*,*,#816,.T.);
#3221 = ORIENTED_EDGE('',*,*,#3222,.T.);
#3222 = EDGE_CURVE('',#817,#1968,#3223,.T.);
#3223 = LINE('',#3224,#3225);
#3224 = CARTESIAN_POINT('',(88.,-124.35,-4.6E-02));
#3225 = VECTOR('',#3226,1.);
#3226 = DIRECTION('',(0.,0.,1.));
#3227 = ORIENTED_EDGE('',*,*,#1967,.F.);
#3228 = ORIENTED_EDGE('',*,*,#3222,.F.);
#3229 = CYLINDRICAL_SURFACE('',#3230,1.35);
#3230 = AXIS2_PLACEMENT_3D('',#3231,#3232,#3233);
#3231 = CARTESIAN_POINT('',(88.,-123.,-4.6E-02));
#3232 = DIRECTION('',(-0.,-0.,-1.));
#3233 = DIRECTION('',(-0.,-1.,0.));
#3234 = ADVANCED_FACE('',(#3235),#3246,.F.);
#3235 = FACE_BOUND('',#3236,.T.);
#3236 = EDGE_LOOP('',(#3237,#3238,#3244,#3245));
#3237 = ORIENTED_EDGE('',*,*,#827,.T.);
#3238 = ORIENTED_EDGE('',*,*,#3239,.T.);
#3239 = EDGE_CURVE('',#828,#1979,#3240,.T.);
#3240 = LINE('',#3241,#3242);
#3241 = CARTESIAN_POINT('',(74.5,-113.78,-4.6E-02));
#3242 = VECTOR('',#3243,1.);
#3243 = DIRECTION('',(0.,0.,1.));
#3244 = ORIENTED_EDGE('',*,*,#1978,.F.);
#3245 = ORIENTED_EDGE('',*,*,#3239,.F.);
#3246 = CYLINDRICAL_SURFACE('',#3247,0.4);
#3247 = AXIS2_PLACEMENT_3D('',#3248,#3249,#3250);
#3248 = CARTESIAN_POINT('',(74.5,-113.38,-4.6E-02));
#3249 = DIRECTION('',(-0.,-0.,-1.));
#3250 = DIRECTION('',(-0.,-1.,0.));
#3251 = ADVANCED_FACE('',(#3252),#3263,.F.);
#3252 = FACE_BOUND('',#3253,.T.);
#3253 = EDGE_LOOP('',(#3254,#3255,#3261,#3262));
#3254 = ORIENTED_EDGE('',*,*,#838,.T.);
#3255 = ORIENTED_EDGE('',*,*,#3256,.T.);
#3256 = EDGE_CURVE('',#839,#1990,#3257,.T.);
#3257 = LINE('',#3258,#3259);
#3258 = CARTESIAN_POINT('',(93.265715,-143.85,-4.6E-02));
#3259 = VECTOR('',#3260,1.);
#3260 = DIRECTION('',(0.,0.,1.));
#3261 = ORIENTED_EDGE('',*,*,#1989,.F.);
#3262 = ORIENTED_EDGE('',*,*,#3256,.F.);
#3263 = CYLINDRICAL_SURFACE('',#3264,0.85);
#3264 = AXIS2_PLACEMENT_3D('',#3265,#3266,#3267);
#3265 = CARTESIAN_POINT('',(93.265715,-143.,-4.6E-02));
#3266 = DIRECTION('',(-0.,-0.,-1.));
#3267 = DIRECTION('',(-0.,-1.,0.));
#3268 = ADVANCED_FACE('',(#3269),#3280,.F.);
#3269 = FACE_BOUND('',#3270,.T.);
#3270 = EDGE_LOOP('',(#3271,#3272,#3278,#3279));
#3271 = ORIENTED_EDGE('',*,*,#849,.T.);
#3272 = ORIENTED_EDGE('',*,*,#3273,.T.);
#3273 = EDGE_CURVE('',#850,#2001,#3274,.T.);
#3274 = LINE('',#3275,#3276);
#3275 = CARTESIAN_POINT('',(98.345715,-145.,-4.6E-02));
#3276 = VECTOR('',#3277,1.);
#3277 = DIRECTION('',(0.,0.,1.));
#3278 = ORIENTED_EDGE('',*,*,#2000,.F.);
#3279 = ORIENTED_EDGE('',*,*,#3273,.F.);
#3280 = CYLINDRICAL_SURFACE('',#3281,2.);
#3281 = AXIS2_PLACEMENT_3D('',#3282,#3283,#3284);
#3282 = CARTESIAN_POINT('',(98.345715,-143.,-4.6E-02));
#3283 = DIRECTION('',(-0.,-0.,-1.));
#3284 = DIRECTION('',(-0.,-1.,0.));
#3285 = ADVANCED_FACE('',(#3286),#3297,.F.);
#3286 = FACE_BOUND('',#3287,.T.);
#3287 = EDGE_LOOP('',(#3288,#3289,#3295,#3296));
#3288 = ORIENTED_EDGE('',*,*,#860,.T.);
#3289 = ORIENTED_EDGE('',*,*,#3290,.T.);
#3290 = EDGE_CURVE('',#861,#2012,#3291,.T.);
#3291 = LINE('',#3292,#3293);
#3292 = CARTESIAN_POINT('',(94.535715,-141.21,-4.6E-02));
#3293 = VECTOR('',#3294,1.);
#3294 = DIRECTION('',(0.,0.,1.));
#3295 = ORIENTED_EDGE('',*,*,#2011,.F.);
#3296 = ORIENTED_EDGE('',*,*,#3290,.F.);
#3297 = CYLINDRICAL_SURFACE('',#3298,0.75);
#3298 = AXIS2_PLACEMENT_3D('',#3299,#3300,#3301);
#3299 = CARTESIAN_POINT('',(94.535715,-140.46,-4.6E-02));
#3300 = DIRECTION('',(-0.,-0.,-1.));
#3301 = DIRECTION('',(-0.,-1.,0.));
#3302 = ADVANCED_FACE('',(#3303),#3314,.F.);
#3303 = FACE_BOUND('',#3304,.T.);
#3304 = EDGE_LOOP('',(#3305,#3306,#3312,#3313));
#3305 = ORIENTED_EDGE('',*,*,#871,.T.);
#3306 = ORIENTED_EDGE('',*,*,#3307,.T.);
#3307 = EDGE_CURVE('',#872,#2023,#3308,.T.);
#3308 = LINE('',#3309,#3310);
#3309 = CARTESIAN_POINT('',(103.425715,-143.85,-4.6E-02));
#3310 = VECTOR('',#3311,1.);
#3311 = DIRECTION('',(0.,0.,1.));
#3312 = ORIENTED_EDGE('',*,*,#2022,.F.);
#3313 = ORIENTED_EDGE('',*,*,#3307,.F.);
#3314 = CYLINDRICAL_SURFACE('',#3315,0.85);
#3315 = AXIS2_PLACEMENT_3D('',#3316,#3317,#3318);
#3316 = CARTESIAN_POINT('',(103.425715,-143.,-4.6E-02));
#3317 = DIRECTION('',(-0.,-0.,-1.));
#3318 = DIRECTION('',(-0.,-1.,0.));
#3319 = ADVANCED_FACE('',(#3320),#3331,.F.);
#3320 = FACE_BOUND('',#3321,.T.);
#3321 = EDGE_LOOP('',(#3322,#3323,#3329,#3330));
#3322 = ORIENTED_EDGE('',*,*,#882,.T.);
#3323 = ORIENTED_EDGE('',*,*,#3324,.T.);
#3324 = EDGE_CURVE('',#883,#2034,#3325,.T.);
#3325 = LINE('',#3326,#3327);
#3326 = CARTESIAN_POINT('',(100.885715,-138.67,-4.6E-02));
#3327 = VECTOR('',#3328,1.);
#3328 = DIRECTION('',(0.,0.,1.));
#3329 = ORIENTED_EDGE('',*,*,#2033,.F.);
#3330 = ORIENTED_EDGE('',*,*,#3324,.F.);
#3331 = CYLINDRICAL_SURFACE('',#3332,0.75);
#3332 = AXIS2_PLACEMENT_3D('',#3333,#3334,#3335);
#3333 = CARTESIAN_POINT('',(100.885715,-137.92,-4.6E-02));
#3334 = DIRECTION('',(-0.,-0.,-1.));
#3335 = DIRECTION('',(-0.,-1.,0.));
#3336 = ADVANCED_FACE('',(#3337),#3348,.F.);
#3337 = FACE_BOUND('',#3338,.T.);
#3338 = EDGE_LOOP('',(#3339,#3340,#3346,#3347));
#3339 = ORIENTED_EDGE('',*,*,#893,.T.);
#3340 = ORIENTED_EDGE('',*,*,#3341,.T.);
#3341 = EDGE_CURVE('',#894,#2045,#3342,.T.);
#3342 = LINE('',#3343,#3344);
#3343 = CARTESIAN_POINT('',(92.88,-130.9,-4.6E-02));
#3344 = VECTOR('',#3345,1.);
#3345 = DIRECTION('',(0.,0.,1.));
#3346 = ORIENTED_EDGE('',*,*,#2044,.F.);
#3347 = ORIENTED_EDGE('',*,*,#3341,.F.);
#3348 = CYLINDRICAL_SURFACE('',#3349,0.4);
#3349 = AXIS2_PLACEMENT_3D('',#3350,#3351,#3352);
#3350 = CARTESIAN_POINT('',(92.88,-130.5,-4.6E-02));
#3351 = DIRECTION('',(-0.,-0.,-1.));
#3352 = DIRECTION('',(-0.,-1.,0.));
#3353 = ADVANCED_FACE('',(#3354),#3365,.F.);
#3354 = FACE_BOUND('',#3355,.T.);
#3355 = EDGE_LOOP('',(#3356,#3357,#3363,#3364));
#3356 = ORIENTED_EDGE('',*,*,#904,.T.);
#3357 = ORIENTED_EDGE('',*,*,#3358,.T.);
#3358 = EDGE_CURVE('',#905,#2056,#3359,.T.);
#3359 = LINE('',#3360,#3361);
#3360 = CARTESIAN_POINT('',(100.5,-130.9,-4.6E-02));
#3361 = VECTOR('',#3362,1.);
#3362 = DIRECTION('',(0.,0.,1.));
#3363 = ORIENTED_EDGE('',*,*,#2055,.F.);
#3364 = ORIENTED_EDGE('',*,*,#3358,.F.);
#3365 = CYLINDRICAL_SURFACE('',#3366,0.4);
#3366 = AXIS2_PLACEMENT_3D('',#3367,#3368,#3369);
#3367 = CARTESIAN_POINT('',(100.5,-130.5,-4.6E-02));
#3368 = DIRECTION('',(-0.,-0.,-1.));
#3369 = DIRECTION('',(-0.,-1.,0.));
#3370 = ADVANCED_FACE('',(#3371),#3382,.F.);
#3371 = FACE_BOUND('',#3372,.T.);
#3372 = EDGE_LOOP('',(#3373,#3374,#3380,#3381));
#3373 = ORIENTED_EDGE('',*,*,#915,.T.);
#3374 = ORIENTED_EDGE('',*,*,#3375,.T.);
#3375 = EDGE_CURVE('',#916,#2067,#3376,.T.);
#3376 = LINE('',#3377,#3378);
#3377 = CARTESIAN_POINT('',(113.111429,-143.85,-4.6E-02));
#3378 = VECTOR('',#3379,1.);
#3379 = DIRECTION('',(0.,0.,1.));
#3380 = ORIENTED_EDGE('',*,*,#2066,.F.);
#3381 = ORIENTED_EDGE('',*,*,#3375,.F.);
#3382 = CYLINDRICAL_SURFACE('',#3383,0.85);
#3383 = AXIS2_PLACEMENT_3D('',#3384,#3385,#3386);
#3384 = CARTESIAN_POINT('',(113.111429,-143.,-4.6E-02));
#3385 = DIRECTION('',(-0.,-0.,-1.));
#3386 = DIRECTION('',(-0.,-1.,0.));
#3387 = ADVANCED_FACE('',(#3388),#3399,.F.);
#3388 = FACE_BOUND('',#3389,.T.);
#3389 = EDGE_LOOP('',(#3390,#3391,#3397,#3398));
#3390 = ORIENTED_EDGE('',*,*,#926,.T.);
#3391 = ORIENTED_EDGE('',*,*,#3392,.T.);
#3392 = EDGE_CURVE('',#927,#2078,#3393,.T.);
#3393 = LINE('',#3394,#3395);
#3394 = CARTESIAN_POINT('',(118.191429,-145.,-4.6E-02));
#3395 = VECTOR('',#3396,1.);
#3396 = DIRECTION('',(0.,0.,1.));
#3397 = ORIENTED_EDGE('',*,*,#2077,.F.);
#3398 = ORIENTED_EDGE('',*,*,#3392,.F.);
#3399 = CYLINDRICAL_SURFACE('',#3400,2.);
#3400 = AXIS2_PLACEMENT_3D('',#3401,#3402,#3403);
#3401 = CARTESIAN_POINT('',(118.191429,-143.,-4.6E-02));
#3402 = DIRECTION('',(-0.,-0.,-1.));
#3403 = DIRECTION('',(-0.,-1.,0.));
#3404 = ADVANCED_FACE('',(#3405),#3416,.F.);
#3405 = FACE_BOUND('',#3406,.T.);
#3406 = EDGE_LOOP('',(#3407,#3408,#3414,#3415));
#3407 = ORIENTED_EDGE('',*,*,#937,.T.);
#3408 = ORIENTED_EDGE('',*,*,#3409,.T.);
#3409 = EDGE_CURVE('',#938,#2089,#3410,.T.);
#3410 = LINE('',#3411,#3412);
#3411 = CARTESIAN_POINT('',(114.381429,-141.21,-4.6E-02));
#3412 = VECTOR('',#3413,1.);
#3413 = DIRECTION('',(0.,0.,1.));
#3414 = ORIENTED_EDGE('',*,*,#2088,.F.);
#3415 = ORIENTED_EDGE('',*,*,#3409,.F.);
#3416 = CYLINDRICAL_SURFACE('',#3417,0.75);
#3417 = AXIS2_PLACEMENT_3D('',#3418,#3419,#3420);
#3418 = CARTESIAN_POINT('',(114.381429,-140.46,-4.6E-02));
#3419 = DIRECTION('',(-0.,-0.,-1.));
#3420 = DIRECTION('',(-0.,-1.,0.));
#3421 = ADVANCED_FACE('',(#3422),#3433,.F.);
#3422 = FACE_BOUND('',#3423,.T.);
#3423 = EDGE_LOOP('',(#3424,#3425,#3431,#3432));
#3424 = ORIENTED_EDGE('',*,*,#948,.T.);
#3425 = ORIENTED_EDGE('',*,*,#3426,.T.);
#3426 = EDGE_CURVE('',#949,#2100,#3427,.T.);
#3427 = LINE('',#3428,#3429);
#3428 = CARTESIAN_POINT('',(123.271429,-143.85,-4.6E-02));
#3429 = VECTOR('',#3430,1.);
#3430 = DIRECTION('',(0.,0.,1.));
#3431 = ORIENTED_EDGE('',*,*,#2099,.F.);
#3432 = ORIENTED_EDGE('',*,*,#3426,.F.);
#3433 = CYLINDRICAL_SURFACE('',#3434,0.85);
#3434 = AXIS2_PLACEMENT_3D('',#3435,#3436,#3437);
#3435 = CARTESIAN_POINT('',(123.271429,-143.,-4.6E-02));
#3436 = DIRECTION('',(-0.,-0.,-1.));
#3437 = DIRECTION('',(-1.671865260612E-14,-1.,0.));
#3438 = ADVANCED_FACE('',(#3439),#3450,.F.);
#3439 = FACE_BOUND('',#3440,.T.);
#3440 = EDGE_LOOP('',(#3441,#3442,#3448,#3449));
#3441 = ORIENTED_EDGE('',*,*,#959,.T.);
#3442 = ORIENTED_EDGE('',*,*,#3443,.T.);
#3443 = EDGE_CURVE('',#960,#2111,#3444,.T.);
#3444 = LINE('',#3445,#3446);
#3445 = CARTESIAN_POINT('',(120.731429,-138.67,-4.6E-02));
#3446 = VECTOR('',#3447,1.);
#3447 = DIRECTION('',(0.,0.,1.));
#3448 = ORIENTED_EDGE('',*,*,#2110,.F.);
#3449 = ORIENTED_EDGE('',*,*,#3443,.F.);
#3450 = CYLINDRICAL_SURFACE('',#3451,0.75);
#3451 = AXIS2_PLACEMENT_3D('',#3452,#3453,#3454);
#3452 = CARTESIAN_POINT('',(120.731429,-137.92,-4.6E-02));
#3453 = DIRECTION('',(-0.,-0.,-1.));
#3454 = DIRECTION('',(-0.,-1.,0.));
#3455 = ADVANCED_FACE('',(#3456),#3467,.F.);
#3456 = FACE_BOUND('',#3457,.T.);
#3457 = EDGE_LOOP('',(#3458,#3459,#3465,#3466));
#3458 = ORIENTED_EDGE('',*,*,#970,.T.);
#3459 = ORIENTED_EDGE('',*,*,#3460,.T.);
#3460 = EDGE_CURVE('',#971,#2122,#3461,.T.);
#3461 = LINE('',#3462,#3463);
#3462 = CARTESIAN_POINT('',(119.38,-131.4,-4.6E-02));
#3463 = VECTOR('',#3464,1.);
#3464 = DIRECTION('',(0.,0.,1.));
#3465 = ORIENTED_EDGE('',*,*,#2121,.F.);
#3466 = ORIENTED_EDGE('',*,*,#3460,.F.);
#3467 = CYLINDRICAL_SURFACE('',#3468,0.4);
#3468 = AXIS2_PLACEMENT_3D('',#3469,#3470,#3471);
#3469 = CARTESIAN_POINT('',(119.38,-131.,-4.6E-02));
#3470 = DIRECTION('',(-0.,-0.,-1.));
#3471 = DIRECTION('',(-0.,-1.,0.));
#3472 = ADVANCED_FACE('',(#3473),#3484,.F.);
#3473 = FACE_BOUND('',#3474,.T.);
#3474 = EDGE_LOOP('',(#3475,#3476,#3482,#3483));
#3475 = ORIENTED_EDGE('',*,*,#981,.T.);
#3476 = ORIENTED_EDGE('',*,*,#3477,.T.);
#3477 = EDGE_CURVE('',#982,#2133,#3478,.T.);
#3478 = LINE('',#3479,#3480);
#3479 = CARTESIAN_POINT('',(127.,-131.4,-4.6E-02));
#3480 = VECTOR('',#3481,1.);
#3481 = DIRECTION('',(0.,0.,1.));
#3482 = ORIENTED_EDGE('',*,*,#2132,.F.);
#3483 = ORIENTED_EDGE('',*,*,#3477,.F.);
#3484 = CYLINDRICAL_SURFACE('',#3485,0.4);
#3485 = AXIS2_PLACEMENT_3D('',#3486,#3487,#3488);
#3486 = CARTESIAN_POINT('',(127.,-131.,-4.6E-02));
#3487 = DIRECTION('',(-0.,-0.,-1.));
#3488 = DIRECTION('',(-0.,-1.,0.));
#3489 = ADVANCED_FACE('',(#3490),#3501,.F.);
#3490 = FACE_BOUND('',#3491,.T.);
#3491 = EDGE_LOOP('',(#3492,#3493,#3499,#3500));
#3492 = ORIENTED_EDGE('',*,*,#992,.T.);
#3493 = ORIENTED_EDGE('',*,*,#3494,.T.);
#3494 = EDGE_CURVE('',#993,#2144,#3495,.T.);
#3495 = LINE('',#3496,#3497);
#3496 = CARTESIAN_POINT('',(94.5,-121.21,-4.6E-02));
#3497 = VECTOR('',#3498,1.);
#3498 = DIRECTION('',(0.,0.,1.));
#3499 = ORIENTED_EDGE('',*,*,#2143,.F.);
#3500 = ORIENTED_EDGE('',*,*,#3494,.F.);
#3501 = CYLINDRICAL_SURFACE('',#3502,0.4);
#3502 = AXIS2_PLACEMENT_3D('',#3503,#3504,#3505);
#3503 = CARTESIAN_POINT('',(94.5,-120.81,-4.6E-02));
#3504 = DIRECTION('',(-0.,-0.,-1.));
#3505 = DIRECTION('',(-0.,-1.,0.));
#3506 = ADVANCED_FACE('',(#3507),#3518,.F.);
#3507 = FACE_BOUND('',#3508,.T.);
#3508 = EDGE_LOOP('',(#3509,#3510,#3516,#3517));
#3509 = ORIENTED_EDGE('',*,*,#1003,.T.);
#3510 = ORIENTED_EDGE('',*,*,#3511,.T.);
#3511 = EDGE_CURVE('',#1004,#2155,#3512,.T.);
#3512 = LINE('',#3513,#3514);
#3513 = CARTESIAN_POINT('',(94.5,-113.59,-4.6E-02));
#3514 = VECTOR('',#3515,1.);
#3515 = DIRECTION('',(0.,0.,1.));
#3516 = ORIENTED_EDGE('',*,*,#2154,.F.);
#3517 = ORIENTED_EDGE('',*,*,#3511,.F.);
#3518 = CYLINDRICAL_SURFACE('',#3519,0.4);
#3519 = AXIS2_PLACEMENT_3D('',#3520,#3521,#3522);
#3520 = CARTESIAN_POINT('',(94.5,-113.19,-4.6E-02));
#3521 = DIRECTION('',(-0.,-0.,-1.));
#3522 = DIRECTION('',(-0.,-1.,0.));
#3523 = ADVANCED_FACE('',(#3524),#3535,.F.);
#3524 = FACE_BOUND('',#3525,.T.);
#3525 = EDGE_LOOP('',(#3526,#3527,#3533,#3534));
#3526 = ORIENTED_EDGE('',*,*,#1014,.T.);
#3527 = ORIENTED_EDGE('',*,*,#3528,.T.);
#3528 = EDGE_CURVE('',#1015,#2166,#3529,.T.);
#3529 = LINE('',#3530,#3531);
#3530 = CARTESIAN_POINT('',(115.,-121.71,-4.6E-02));
#3531 = VECTOR('',#3532,1.);
#3532 = DIRECTION('',(0.,0.,1.));
#3533 = ORIENTED_EDGE('',*,*,#2165,.F.);
#3534 = ORIENTED_EDGE('',*,*,#3528,.F.);
#3535 = CYLINDRICAL_SURFACE('',#3536,0.4);
#3536 = AXIS2_PLACEMENT_3D('',#3537,#3538,#3539);
#3537 = CARTESIAN_POINT('',(115.,-121.31,-4.6E-02));
#3538 = DIRECTION('',(-0.,-0.,-1.));
#3539 = DIRECTION('',(-0.,-1.,0.));
#3540 = ADVANCED_FACE('',(#3541),#3552,.F.);
#3541 = FACE_BOUND('',#3542,.T.);
#3542 = EDGE_LOOP('',(#3543,#3544,#3550,#3551));
#3543 = ORIENTED_EDGE('',*,*,#1025,.T.);
#3544 = ORIENTED_EDGE('',*,*,#3545,.T.);
#3545 = EDGE_CURVE('',#1026,#2177,#3546,.T.);
#3546 = LINE('',#3547,#3548);
#3547 = CARTESIAN_POINT('',(115.,-114.09,-4.6E-02));
#3548 = VECTOR('',#3549,1.);
#3549 = DIRECTION('',(0.,0.,1.));
#3550 = ORIENTED_EDGE('',*,*,#2176,.F.);
#3551 = ORIENTED_EDGE('',*,*,#3545,.F.);
#3552 = CYLINDRICAL_SURFACE('',#3553,0.4);
#3553 = AXIS2_PLACEMENT_3D('',#3554,#3555,#3556);
#3554 = CARTESIAN_POINT('',(115.,-113.69,-4.6E-02));
#3555 = DIRECTION('',(-0.,-0.,-1.));
#3556 = DIRECTION('',(-0.,-1.,0.));
#3557 = ADVANCED_FACE('',(#3558),#3569,.F.);
#3558 = FACE_BOUND('',#3559,.T.);
#3559 = EDGE_LOOP('',(#3560,#3561,#3567,#3568));
#3560 = ORIENTED_EDGE('',*,*,#1036,.T.);
#3561 = ORIENTED_EDGE('',*,*,#3562,.T.);
#3562 = EDGE_CURVE('',#1037,#2188,#3563,.T.);
#3563 = LINE('',#3564,#3565);
#3564 = CARTESIAN_POINT('',(53.574286,-102.35,-4.6E-02));
#3565 = VECTOR('',#3566,1.);
#3566 = DIRECTION('',(0.,0.,1.));
#3567 = ORIENTED_EDGE('',*,*,#2187,.F.);
#3568 = ORIENTED_EDGE('',*,*,#3562,.F.);
#3569 = CYLINDRICAL_SURFACE('',#3570,0.85);
#3570 = AXIS2_PLACEMENT_3D('',#3571,#3572,#3573);
#3571 = CARTESIAN_POINT('',(53.574286,-101.5,-4.6E-02));
#3572 = DIRECTION('',(-0.,-0.,-1.));
#3573 = DIRECTION('',(-0.,-1.,0.));
#3574 = ADVANCED_FACE('',(#3575),#3586,.F.);
#3575 = FACE_BOUND('',#3576,.T.);
#3576 = EDGE_LOOP('',(#3577,#3578,#3584,#3585));
#3577 = ORIENTED_EDGE('',*,*,#1047,.T.);
#3578 = ORIENTED_EDGE('',*,*,#3579,.T.);
#3579 = EDGE_CURVE('',#1048,#2199,#3580,.T.);
#3580 = LINE('',#3581,#3582);
#3581 = CARTESIAN_POINT('',(54.844286,-99.71,-4.6E-02));
#3582 = VECTOR('',#3583,1.);
#3583 = DIRECTION('',(0.,0.,1.));
#3584 = ORIENTED_EDGE('',*,*,#2198,.F.);
#3585 = ORIENTED_EDGE('',*,*,#3579,.F.);
#3586 = CYLINDRICAL_SURFACE('',#3587,0.75);
#3587 = AXIS2_PLACEMENT_3D('',#3588,#3589,#3590);
#3588 = CARTESIAN_POINT('',(54.844286,-98.96,-4.6E-02));
#3589 = DIRECTION('',(-0.,-0.,-1.));
#3590 = DIRECTION('',(-0.,-1.,0.));
#3591 = ADVANCED_FACE('',(#3592),#3603,.F.);
#3592 = FACE_BOUND('',#3593,.T.);
#3593 = EDGE_LOOP('',(#3594,#3595,#3601,#3602));
#3594 = ORIENTED_EDGE('',*,*,#1058,.T.);
#3595 = ORIENTED_EDGE('',*,*,#3596,.T.);
#3596 = EDGE_CURVE('',#1059,#2210,#3597,.T.);
#3597 = LINE('',#3598,#3599);
#3598 = CARTESIAN_POINT('',(58.654286,-103.5,-4.6E-02));
#3599 = VECTOR('',#3600,1.);
#3600 = DIRECTION('',(0.,0.,1.));
#3601 = ORIENTED_EDGE('',*,*,#2209,.F.);
#3602 = ORIENTED_EDGE('',*,*,#3596,.F.);
#3603 = CYLINDRICAL_SURFACE('',#3604,2.);
#3604 = AXIS2_PLACEMENT_3D('',#3605,#3606,#3607);
#3605 = CARTESIAN_POINT('',(58.654286,-101.5,-4.6E-02));
#3606 = DIRECTION('',(-0.,-0.,-1.));
#3607 = DIRECTION('',(-0.,-1.,0.));
#3608 = ADVANCED_FACE('',(#3609),#3620,.F.);
#3609 = FACE_BOUND('',#3610,.T.);
#3610 = EDGE_LOOP('',(#3611,#3612,#3618,#3619));
#3611 = ORIENTED_EDGE('',*,*,#1069,.T.);
#3612 = ORIENTED_EDGE('',*,*,#3613,.T.);
#3613 = EDGE_CURVE('',#1070,#2221,#3614,.T.);
#3614 = LINE('',#3615,#3616);
#3615 = CARTESIAN_POINT('',(63.734286,-102.35,-4.6E-02));
#3616 = VECTOR('',#3617,1.);
#3617 = DIRECTION('',(0.,0.,1.));
#3618 = ORIENTED_EDGE('',*,*,#2220,.F.);
#3619 = ORIENTED_EDGE('',*,*,#3613,.F.);
#3620 = CYLINDRICAL_SURFACE('',#3621,0.85);
#3621 = AXIS2_PLACEMENT_3D('',#3622,#3623,#3624);
#3622 = CARTESIAN_POINT('',(63.734286,-101.5,-4.6E-02));
#3623 = DIRECTION('',(-0.,-0.,-1.));
#3624 = DIRECTION('',(-8.35932630306E-15,-1.,0.));
#3625 = ADVANCED_FACE('',(#3626),#3637,.F.);
#3626 = FACE_BOUND('',#3627,.T.);
#3627 = EDGE_LOOP('',(#3628,#3629,#3635,#3636));
#3628 = ORIENTED_EDGE('',*,*,#1080,.T.);
#3629 = ORIENTED_EDGE('',*,*,#3630,.T.);
#3630 = EDGE_CURVE('',#1081,#2232,#3631,.T.);
#3631 = LINE('',#3632,#3633);
#3632 = CARTESIAN_POINT('',(61.194286,-97.17,-4.6E-02));
#3633 = VECTOR('',#3634,1.);
#3634 = DIRECTION('',(0.,0.,1.));
#3635 = ORIENTED_EDGE('',*,*,#2231,.F.);
#3636 = ORIENTED_EDGE('',*,*,#3630,.F.);
#3637 = CYLINDRICAL_SURFACE('',#3638,0.75);
#3638 = AXIS2_PLACEMENT_3D('',#3639,#3640,#3641);
#3639 = CARTESIAN_POINT('',(61.194286,-96.42,-4.6E-02));
#3640 = DIRECTION('',(-0.,-0.,-1.));
#3641 = DIRECTION('',(-0.,-1.,0.));
#3642 = ADVANCED_FACE('',(#3643),#3654,.F.);
#3643 = FACE_BOUND('',#3644,.T.);
#3644 = EDGE_LOOP('',(#3645,#3646,#3652,#3653));
#3645 = ORIENTED_EDGE('',*,*,#1091,.T.);
#3646 = ORIENTED_EDGE('',*,*,#3647,.T.);
#3647 = EDGE_CURVE('',#1092,#2243,#3648,.T.);
#3648 = LINE('',#3649,#3650);
#3649 = CARTESIAN_POINT('',(49.38,-91.625,-4.6E-02));
#3650 = VECTOR('',#3651,1.);
#3651 = DIRECTION('',(0.,0.,1.));
#3652 = ORIENTED_EDGE('',*,*,#2242,.F.);
#3653 = ORIENTED_EDGE('',*,*,#3647,.F.);
#3654 = CYLINDRICAL_SURFACE('',#3655,0.5);
#3655 = AXIS2_PLACEMENT_3D('',#3656,#3657,#3658);
#3656 = CARTESIAN_POINT('',(49.38,-91.125,-4.6E-02));
#3657 = DIRECTION('',(-0.,-0.,-1.));
#3658 = DIRECTION('',(-0.,-1.,0.));
#3659 = ADVANCED_FACE('',(#3660),#3671,.F.);
#3660 = FACE_BOUND('',#3661,.T.);
#3661 = EDGE_LOOP('',(#3662,#3663,#3669,#3670));
#3662 = ORIENTED_EDGE('',*,*,#1102,.T.);
#3663 = ORIENTED_EDGE('',*,*,#3664,.T.);
#3664 = EDGE_CURVE('',#1103,#2254,#3665,.T.);
#3665 = LINE('',#3666,#3667);
#3666 = CARTESIAN_POINT('',(51.92,-91.625,-4.6E-02));
#3667 = VECTOR('',#3668,1.);
#3668 = DIRECTION('',(0.,0.,1.));
#3669 = ORIENTED_EDGE('',*,*,#2253,.F.);
#3670 = ORIENTED_EDGE('',*,*,#3664,.F.);
#3671 = CYLINDRICAL_SURFACE('',#3672,0.5);
#3672 = AXIS2_PLACEMENT_3D('',#3673,#3674,#3675);
#3673 = CARTESIAN_POINT('',(51.92,-91.125,-4.6E-02));
#3674 = DIRECTION('',(-0.,-0.,-1.));
#3675 = DIRECTION('',(-0.,-1.,0.));
#3676 = ADVANCED_FACE('',(#3677),#3688,.F.);
#3677 = FACE_BOUND('',#3678,.T.);
#3678 = EDGE_LOOP('',(#3679,#3680,#3686,#3687));
#3679 = ORIENTED_EDGE('',*,*,#1113,.T.);
#3680 = ORIENTED_EDGE('',*,*,#3681,.T.);
#3681 = EDGE_CURVE('',#1114,#2265,#3682,.T.);
#3682 = LINE('',#3683,#3684);
#3683 = CARTESIAN_POINT('',(54.46,-91.625,-4.6E-02));
#3684 = VECTOR('',#3685,1.);
#3685 = DIRECTION('',(0.,0.,1.));
#3686 = ORIENTED_EDGE('',*,*,#2264,.F.);
#3687 = ORIENTED_EDGE('',*,*,#3681,.F.);
#3688 = CYLINDRICAL_SURFACE('',#3689,0.5);
#3689 = AXIS2_PLACEMENT_3D('',#3690,#3691,#3692);
#3690 = CARTESIAN_POINT('',(54.46,-91.125,-4.6E-02));
#3691 = DIRECTION('',(-0.,-0.,-1.));
#3692 = DIRECTION('',(-0.,-1.,0.));
#3693 = ADVANCED_FACE('',(#3694),#3705,.F.);
#3694 = FACE_BOUND('',#3695,.T.);
#3695 = EDGE_LOOP('',(#3696,#3697,#3703,#3704));
#3696 = ORIENTED_EDGE('',*,*,#1124,.T.);
#3697 = ORIENTED_EDGE('',*,*,#3698,.T.);
#3698 = EDGE_CURVE('',#1125,#2276,#3699,.T.);
#3699 = LINE('',#3700,#3701);
#3700 = CARTESIAN_POINT('',(57.,-91.625,-4.6E-02));
#3701 = VECTOR('',#3702,1.);
#3702 = DIRECTION('',(0.,0.,1.));
#3703 = ORIENTED_EDGE('',*,*,#2275,.F.);
#3704 = ORIENTED_EDGE('',*,*,#3698,.F.);
#3705 = CYLINDRICAL_SURFACE('',#3706,0.5);
#3706 = AXIS2_PLACEMENT_3D('',#3707,#3708,#3709);
#3707 = CARTESIAN_POINT('',(57.,-91.125,-4.6E-02));
#3708 = DIRECTION('',(-0.,-0.,-1.));
#3709 = DIRECTION('',(-0.,-1.,0.));
#3710 = ADVANCED_FACE('',(#3711),#3722,.F.);
#3711 = FACE_BOUND('',#3712,.T.);
#3712 = EDGE_LOOP('',(#3713,#3714,#3720,#3721));
#3713 = ORIENTED_EDGE('',*,*,#1135,.T.);
#3714 = ORIENTED_EDGE('',*,*,#3715,.T.);
#3715 = EDGE_CURVE('',#1136,#2287,#3716,.T.);
#3716 = LINE('',#3717,#3718);
#3717 = CARTESIAN_POINT('',(59.54,-91.625,-4.6E-02));
#3718 = VECTOR('',#3719,1.);
#3719 = DIRECTION('',(0.,0.,1.));
#3720 = ORIENTED_EDGE('',*,*,#2286,.F.);
#3721 = ORIENTED_EDGE('',*,*,#3715,.F.);
#3722 = CYLINDRICAL_SURFACE('',#3723,0.5);
#3723 = AXIS2_PLACEMENT_3D('',#3724,#3725,#3726);
#3724 = CARTESIAN_POINT('',(59.54,-91.125,-4.6E-02));
#3725 = DIRECTION('',(-0.,-0.,-1.));
#3726 = DIRECTION('',(-0.,-1.,0.));
#3727 = ADVANCED_FACE('',(#3728),#3739,.F.);
#3728 = FACE_BOUND('',#3729,.T.);
#3729 = EDGE_LOOP('',(#3730,#3731,#3737,#3738));
#3730 = ORIENTED_EDGE('',*,*,#1146,.T.);
#3731 = ORIENTED_EDGE('',*,*,#3732,.T.);
#3732 = EDGE_CURVE('',#1147,#2298,#3733,.T.);
#3733 = LINE('',#3734,#3735);
#3734 = CARTESIAN_POINT('',(62.08,-91.625,-4.6E-02));
#3735 = VECTOR('',#3736,1.);
#3736 = DIRECTION('',(0.,0.,1.));
#3737 = ORIENTED_EDGE('',*,*,#2297,.F.);
#3738 = ORIENTED_EDGE('',*,*,#3732,.F.);
#3739 = CYLINDRICAL_SURFACE('',#3740,0.5);
#3740 = AXIS2_PLACEMENT_3D('',#3741,#3742,#3743);
#3741 = CARTESIAN_POINT('',(62.08,-91.125,-4.6E-02));
#3742 = DIRECTION('',(-0.,-0.,-1.));
#3743 = DIRECTION('',(-0.,-1.,0.));
#3744 = ADVANCED_FACE('',(#3745),#3756,.F.);
#3745 = FACE_BOUND('',#3746,.T.);
#3746 = EDGE_LOOP('',(#3747,#3748,#3754,#3755));
#3747 = ORIENTED_EDGE('',*,*,#1157,.T.);
#3748 = ORIENTED_EDGE('',*,*,#3749,.T.);
#3749 = EDGE_CURVE('',#1158,#2309,#3750,.T.);
#3750 = LINE('',#3751,#3752);
#3751 = CARTESIAN_POINT('',(64.62,-91.625,-4.6E-02));
#3752 = VECTOR('',#3753,1.);
#3753 = DIRECTION('',(0.,0.,1.));
#3754 = ORIENTED_EDGE('',*,*,#2308,.F.);
#3755 = ORIENTED_EDGE('',*,*,#3749,.F.);
#3756 = CYLINDRICAL_SURFACE('',#3757,0.5);
#3757 = AXIS2_PLACEMENT_3D('',#3758,#3759,#3760);
#3758 = CARTESIAN_POINT('',(64.62,-91.125,-4.6E-02));
#3759 = DIRECTION('',(-0.,-0.,-1.));
#3760 = DIRECTION('',(-0.,-1.,0.));
#3761 = ADVANCED_FACE('',(#3762),#3773,.F.);
#3762 = FACE_BOUND('',#3763,.T.);
#3763 = EDGE_LOOP('',(#3764,#3765,#3771,#3772));
#3764 = ORIENTED_EDGE('',*,*,#1168,.T.);
#3765 = ORIENTED_EDGE('',*,*,#3766,.T.);
#3766 = EDGE_CURVE('',#1169,#2320,#3767,.T.);
#3767 = LINE('',#3768,#3769);
#3768 = CARTESIAN_POINT('',(73.42,-102.35,-4.6E-02));
#3769 = VECTOR('',#3770,1.);
#3770 = DIRECTION('',(0.,0.,1.));
#3771 = ORIENTED_EDGE('',*,*,#2319,.F.);
#3772 = ORIENTED_EDGE('',*,*,#3766,.F.);
#3773 = CYLINDRICAL_SURFACE('',#3774,0.85);
#3774 = AXIS2_PLACEMENT_3D('',#3775,#3776,#3777);
#3775 = CARTESIAN_POINT('',(73.42,-101.5,-4.6E-02));
#3776 = DIRECTION('',(-0.,0.,-1.));
#3777 = DIRECTION('',(1.671865260612E-14,-1.,-0.));
#3778 = ADVANCED_FACE('',(#3779),#3790,.F.);
#3779 = FACE_BOUND('',#3780,.T.);
#3780 = EDGE_LOOP('',(#3781,#3782,#3788,#3789));
#3781 = ORIENTED_EDGE('',*,*,#1179,.T.);
#3782 = ORIENTED_EDGE('',*,*,#3783,.T.);
#3783 = EDGE_CURVE('',#1180,#2331,#3784,.T.);
#3784 = LINE('',#3785,#3786);
#3785 = CARTESIAN_POINT('',(74.69,-99.71,-4.6E-02));
#3786 = VECTOR('',#3787,1.);
#3787 = DIRECTION('',(0.,0.,1.));
#3788 = ORIENTED_EDGE('',*,*,#2330,.F.);
#3789 = ORIENTED_EDGE('',*,*,#3783,.F.);
#3790 = CYLINDRICAL_SURFACE('',#3791,0.75);
#3791 = AXIS2_PLACEMENT_3D('',#3792,#3793,#3794);
#3792 = CARTESIAN_POINT('',(74.69,-98.96,-4.6E-02));
#3793 = DIRECTION('',(-0.,-0.,-1.));
#3794 = DIRECTION('',(-0.,-1.,0.));
#3795 = ADVANCED_FACE('',(#3796),#3807,.F.);
#3796 = FACE_BOUND('',#3797,.T.);
#3797 = EDGE_LOOP('',(#3798,#3799,#3805,#3806));
#3798 = ORIENTED_EDGE('',*,*,#1190,.T.);
#3799 = ORIENTED_EDGE('',*,*,#3800,.T.);
#3800 = EDGE_CURVE('',#1191,#2342,#3801,.T.);
#3801 = LINE('',#3802,#3803);
#3802 = CARTESIAN_POINT('',(78.5,-103.5,-4.6E-02));
#3803 = VECTOR('',#3804,1.);
#3804 = DIRECTION('',(0.,0.,1.));
#3805 = ORIENTED_EDGE('',*,*,#2341,.F.);
#3806 = ORIENTED_EDGE('',*,*,#3800,.F.);
#3807 = CYLINDRICAL_SURFACE('',#3808,2.);
#3808 = AXIS2_PLACEMENT_3D('',#3809,#3810,#3811);
#3809 = CARTESIAN_POINT('',(78.5,-101.5,-4.6E-02));
#3810 = DIRECTION('',(-0.,-0.,-1.));
#3811 = DIRECTION('',(-0.,-1.,0.));
#3812 = ADVANCED_FACE('',(#3813),#3824,.F.);
#3813 = FACE_BOUND('',#3814,.T.);
#3814 = EDGE_LOOP('',(#3815,#3816,#3822,#3823));
#3815 = ORIENTED_EDGE('',*,*,#1201,.T.);
#3816 = ORIENTED_EDGE('',*,*,#3817,.T.);
#3817 = EDGE_CURVE('',#1202,#2353,#3818,.T.);
#3818 = LINE('',#3819,#3820);
#3819 = CARTESIAN_POINT('',(83.58,-102.35,-4.6E-02));
#3820 = VECTOR('',#3821,1.);
#3821 = DIRECTION('',(0.,0.,1.));
#3822 = ORIENTED_EDGE('',*,*,#2352,.F.);
#3823 = ORIENTED_EDGE('',*,*,#3817,.F.);
#3824 = CYLINDRICAL_SURFACE('',#3825,0.85);
#3825 = AXIS2_PLACEMENT_3D('',#3826,#3827,#3828);
#3826 = CARTESIAN_POINT('',(83.58,-101.5,-4.6E-02));
#3827 = DIRECTION('',(-0.,-0.,-1.));
#3828 = DIRECTION('',(-1.671865260612E-14,-1.,0.));
#3829 = ADVANCED_FACE('',(#3830),#3841,.F.);
#3830 = FACE_BOUND('',#3831,.T.);
#3831 = EDGE_LOOP('',(#3832,#3833,#3839,#3840));
#3832 = ORIENTED_EDGE('',*,*,#1212,.T.);
#3833 = ORIENTED_EDGE('',*,*,#3834,.T.);
#3834 = EDGE_CURVE('',#1213,#2364,#3835,.T.);
#3835 = LINE('',#3836,#3837);
#3836 = CARTESIAN_POINT('',(81.04,-97.17,-4.6E-02));
#3837 = VECTOR('',#3838,1.);
#3838 = DIRECTION('',(0.,0.,1.));
#3839 = ORIENTED_EDGE('',*,*,#2363,.F.);
#3840 = ORIENTED_EDGE('',*,*,#3834,.F.);
#3841 = CYLINDRICAL_SURFACE('',#3842,0.75);
#3842 = AXIS2_PLACEMENT_3D('',#3843,#3844,#3845);
#3843 = CARTESIAN_POINT('',(81.04,-96.42,-4.6E-02));
#3844 = DIRECTION('',(-0.,-0.,-1.));
#3845 = DIRECTION('',(-0.,-1.,0.));
#3846 = ADVANCED_FACE('',(#3847),#3858,.F.);
#3847 = FACE_BOUND('',#3848,.T.);
#3848 = EDGE_LOOP('',(#3849,#3850,#3856,#3857));
#3849 = ORIENTED_EDGE('',*,*,#1223,.T.);
#3850 = ORIENTED_EDGE('',*,*,#3851,.T.);
#3851 = EDGE_CURVE('',#1224,#2375,#3852,.T.);
#3852 = LINE('',#3853,#3854);
#3853 = CARTESIAN_POINT('',(88.,-87.35,-4.6E-02));
#3854 = VECTOR('',#3855,1.);
#3855 = DIRECTION('',(0.,0.,1.));
#3856 = ORIENTED_EDGE('',*,*,#2374,.F.);
#3857 = ORIENTED_EDGE('',*,*,#3851,.F.);
#3858 = CYLINDRICAL_SURFACE('',#3859,1.35);
#3859 = AXIS2_PLACEMENT_3D('',#3860,#3861,#3862);
#3860 = CARTESIAN_POINT('',(88.,-86.,-4.6E-02));
#3861 = DIRECTION('',(-0.,-0.,-1.));
#3862 = DIRECTION('',(-0.,-1.,0.));
#3863 = ADVANCED_FACE('',(#3864),#3875,.F.);
#3864 = FACE_BOUND('',#3865,.T.);
#3865 = EDGE_LOOP('',(#3866,#3867,#3873,#3874));
#3866 = ORIENTED_EDGE('',*,*,#1234,.T.);
#3867 = ORIENTED_EDGE('',*,*,#3868,.T.);
#3868 = EDGE_CURVE('',#1235,#2386,#3869,.T.);
#3869 = LINE('',#3870,#3871);
#3870 = CARTESIAN_POINT('',(49.38,-76.375,-4.6E-02));
#3871 = VECTOR('',#3872,1.);
#3872 = DIRECTION('',(0.,0.,1.));
#3873 = ORIENTED_EDGE('',*,*,#2385,.F.);
#3874 = ORIENTED_EDGE('',*,*,#3868,.F.);
#3875 = CYLINDRICAL_SURFACE('',#3876,0.5);
#3876 = AXIS2_PLACEMENT_3D('',#3877,#3878,#3879);
#3877 = CARTESIAN_POINT('',(49.38,-75.875,-4.6E-02));
#3878 = DIRECTION('',(-0.,-0.,-1.));
#3879 = DIRECTION('',(-0.,-1.,0.));
#3880 = ADVANCED_FACE('',(#3881),#3892,.F.);
#3881 = FACE_BOUND('',#3882,.T.);
#3882 = EDGE_LOOP('',(#3883,#3884,#3890,#3891));
#3883 = ORIENTED_EDGE('',*,*,#1245,.T.);
#3884 = ORIENTED_EDGE('',*,*,#3885,.T.);
#3885 = EDGE_CURVE('',#1246,#2397,#3886,.T.);
#3886 = LINE('',#3887,#3888);
#3887 = CARTESIAN_POINT('',(51.92,-76.375,-4.6E-02));
#3888 = VECTOR('',#3889,1.);
#3889 = DIRECTION('',(0.,0.,1.));
#3890 = ORIENTED_EDGE('',*,*,#2396,.F.);
#3891 = ORIENTED_EDGE('',*,*,#3885,.F.);
#3892 = CYLINDRICAL_SURFACE('',#3893,0.5);
#3893 = AXIS2_PLACEMENT_3D('',#3894,#3895,#3896);
#3894 = CARTESIAN_POINT('',(51.92,-75.875,-4.6E-02));
#3895 = DIRECTION('',(-0.,-0.,-1.));
#3896 = DIRECTION('',(-0.,-1.,0.));
#3897 = ADVANCED_FACE('',(#3898),#3909,.F.);
#3898 = FACE_BOUND('',#3899,.T.);
#3899 = EDGE_LOOP('',(#3900,#3901,#3907,#3908));
#3900 = ORIENTED_EDGE('',*,*,#1256,.T.);
#3901 = ORIENTED_EDGE('',*,*,#3902,.T.);
#3902 = EDGE_CURVE('',#1257,#2408,#3903,.T.);
#3903 = LINE('',#3904,#3905);
#3904 = CARTESIAN_POINT('',(54.46,-76.375,-4.6E-02));
#3905 = VECTOR('',#3906,1.);
#3906 = DIRECTION('',(0.,0.,1.));
#3907 = ORIENTED_EDGE('',*,*,#2407,.F.);
#3908 = ORIENTED_EDGE('',*,*,#3902,.F.);
#3909 = CYLINDRICAL_SURFACE('',#3910,0.5);
#3910 = AXIS2_PLACEMENT_3D('',#3911,#3912,#3913);
#3911 = CARTESIAN_POINT('',(54.46,-75.875,-4.6E-02));
#3912 = DIRECTION('',(-0.,-0.,-1.));
#3913 = DIRECTION('',(-0.,-1.,0.));
#3914 = ADVANCED_FACE('',(#3915),#3926,.F.);
#3915 = FACE_BOUND('',#3916,.T.);
#3916 = EDGE_LOOP('',(#3917,#3918,#3924,#3925));
#3917 = ORIENTED_EDGE('',*,*,#1267,.T.);
#3918 = ORIENTED_EDGE('',*,*,#3919,.T.);
#3919 = EDGE_CURVE('',#1268,#2419,#3920,.T.);
#3920 = LINE('',#3921,#3922);
#3921 = CARTESIAN_POINT('',(57.,-76.375,-4.6E-02));
#3922 = VECTOR('',#3923,1.);
#3923 = DIRECTION('',(0.,0.,1.));
#3924 = ORIENTED_EDGE('',*,*,#2418,.F.);
#3925 = ORIENTED_EDGE('',*,*,#3919,.F.);
#3926 = CYLINDRICAL_SURFACE('',#3927,0.5);
#3927 = AXIS2_PLACEMENT_3D('',#3928,#3929,#3930);
#3928 = CARTESIAN_POINT('',(57.,-75.875,-4.6E-02));
#3929 = DIRECTION('',(-0.,-0.,-1.));
#3930 = DIRECTION('',(-0.,-1.,0.));
#3931 = ADVANCED_FACE('',(#3932),#3943,.F.);
#3932 = FACE_BOUND('',#3933,.T.);
#3933 = EDGE_LOOP('',(#3934,#3935,#3941,#3942));
#3934 = ORIENTED_EDGE('',*,*,#1278,.T.);
#3935 = ORIENTED_EDGE('',*,*,#3936,.T.);
#3936 = EDGE_CURVE('',#1279,#2430,#3937,.T.);
#3937 = LINE('',#3938,#3939);
#3938 = CARTESIAN_POINT('',(59.54,-76.375,-4.6E-02));
#3939 = VECTOR('',#3940,1.);
#3940 = DIRECTION('',(0.,0.,1.));
#3941 = ORIENTED_EDGE('',*,*,#2429,.F.);
#3942 = ORIENTED_EDGE('',*,*,#3936,.F.);
#3943 = CYLINDRICAL_SURFACE('',#3944,0.5);
#3944 = AXIS2_PLACEMENT_3D('',#3945,#3946,#3947);
#3945 = CARTESIAN_POINT('',(59.54,-75.875,-4.6E-02));
#3946 = DIRECTION('',(-0.,-0.,-1.));
#3947 = DIRECTION('',(-0.,-1.,0.));
#3948 = ADVANCED_FACE('',(#3949),#3960,.F.);
#3949 = FACE_BOUND('',#3950,.T.);
#3950 = EDGE_LOOP('',(#3951,#3952,#3958,#3959));
#3951 = ORIENTED_EDGE('',*,*,#1289,.T.);
#3952 = ORIENTED_EDGE('',*,*,#3953,.T.);
#3953 = EDGE_CURVE('',#1290,#2441,#3954,.T.);
#3954 = LINE('',#3955,#3956);
#3955 = CARTESIAN_POINT('',(62.08,-76.375,-4.6E-02));
#3956 = VECTOR('',#3957,1.);
#3957 = DIRECTION('',(0.,0.,1.));
#3958 = ORIENTED_EDGE('',*,*,#2440,.F.);
#3959 = ORIENTED_EDGE('',*,*,#3953,.F.);
#3960 = CYLINDRICAL_SURFACE('',#3961,0.5);
#3961 = AXIS2_PLACEMENT_3D('',#3962,#3963,#3964);
#3962 = CARTESIAN_POINT('',(62.08,-75.875,-4.6E-02));
#3963 = DIRECTION('',(-0.,-0.,-1.));
#3964 = DIRECTION('',(-0.,-1.,0.));
#3965 = ADVANCED_FACE('',(#3966),#3977,.F.);
#3966 = FACE_BOUND('',#3967,.T.);
#3967 = EDGE_LOOP('',(#3968,#3969,#3975,#3976));
#3968 = ORIENTED_EDGE('',*,*,#1300,.T.);
#3969 = ORIENTED_EDGE('',*,*,#3970,.T.);
#3970 = EDGE_CURVE('',#1301,#2452,#3971,.T.);
#3971 = LINE('',#3972,#3973);
#3972 = CARTESIAN_POINT('',(64.62,-76.375,-4.6E-02));
#3973 = VECTOR('',#3974,1.);
#3974 = DIRECTION('',(0.,0.,1.));
#3975 = ORIENTED_EDGE('',*,*,#2451,.F.);
#3976 = ORIENTED_EDGE('',*,*,#3970,.F.);
#3977 = CYLINDRICAL_SURFACE('',#3978,0.5);
#3978 = AXIS2_PLACEMENT_3D('',#3979,#3980,#3981);
#3979 = CARTESIAN_POINT('',(64.62,-75.875,-4.6E-02));
#3980 = DIRECTION('',(-0.,-0.,-1.));
#3981 = DIRECTION('',(-0.,-1.,0.));
#3982 = ADVANCED_FACE('',(#3983),#3994,.F.);
#3983 = FACE_BOUND('',#3984,.T.);
#3984 = EDGE_LOOP('',(#3985,#3986,#3992,#3993));
#3985 = ORIENTED_EDGE('',*,*,#1311,.T.);
#3986 = ORIENTED_EDGE('',*,*,#3987,.T.);
#3987 = EDGE_CURVE('',#1312,#2463,#3988,.T.);
#3988 = LINE('',#3989,#3990);
#3989 = CARTESIAN_POINT('',(86.,-73.,-4.6E-02));
#3990 = VECTOR('',#3991,1.);
#3991 = DIRECTION('',(0.,0.,1.));
#3992 = ORIENTED_EDGE('',*,*,#2462,.F.);
#3993 = ORIENTED_EDGE('',*,*,#3987,.F.);
#3994 = CYLINDRICAL_SURFACE('',#3995,0.5);
#3995 = AXIS2_PLACEMENT_3D('',#3996,#3997,#3998);
#3996 = CARTESIAN_POINT('',(86.,-72.5,-4.6E-02));
#3997 = DIRECTION('',(-0.,-0.,-1.));
#3998 = DIRECTION('',(-0.,-1.,0.));
#3999 = ADVANCED_FACE('',(#4000),#4011,.F.);
#4000 = FACE_BOUND('',#4001,.T.);
#4001 = EDGE_LOOP('',(#4002,#4003,#4009,#4010));
#4002 = ORIENTED_EDGE('',*,*,#1322,.T.);
#4003 = ORIENTED_EDGE('',*,*,#4004,.T.);
#4004 = EDGE_CURVE('',#1323,#2474,#4005,.T.);
#4005 = LINE('',#4006,#4007);
#4006 = CARTESIAN_POINT('',(86.,-70.46,-4.6E-02));
#4007 = VECTOR('',#4008,1.);
#4008 = DIRECTION('',(0.,0.,1.));
#4009 = ORIENTED_EDGE('',*,*,#2473,.F.);
#4010 = ORIENTED_EDGE('',*,*,#4004,.F.);
#4011 = CYLINDRICAL_SURFACE('',#4012,0.5);
#4012 = AXIS2_PLACEMENT_3D('',#4013,#4014,#4015);
#4013 = CARTESIAN_POINT('',(86.,-69.96,-4.6E-02));
#4014 = DIRECTION('',(-0.,-0.,-1.));
#4015 = DIRECTION('',(-0.,-1.,0.));
#4016 = ADVANCED_FACE('',(#4017),#4028,.F.);
#4017 = FACE_BOUND('',#4018,.T.);
#4018 = EDGE_LOOP('',(#4019,#4020,#4026,#4027));
#4019 = ORIENTED_EDGE('',*,*,#1333,.T.);
#4020 = ORIENTED_EDGE('',*,*,#4021,.T.);
#4021 = EDGE_CURVE('',#1334,#2485,#4022,.T.);
#4022 = LINE('',#4023,#4024);
#4023 = CARTESIAN_POINT('',(86.,-67.92,-4.6E-02));
#4024 = VECTOR('',#4025,1.);
#4025 = DIRECTION('',(0.,0.,1.));
#4026 = ORIENTED_EDGE('',*,*,#2484,.F.);
#4027 = ORIENTED_EDGE('',*,*,#4021,.F.);
#4028 = CYLINDRICAL_SURFACE('',#4029,0.5);
#4029 = AXIS2_PLACEMENT_3D('',#4030,#4031,#4032);
#4030 = CARTESIAN_POINT('',(86.,-67.42,-4.6E-02));
#4031 = DIRECTION('',(-0.,-0.,-1.));
#4032 = DIRECTION('',(-0.,-1.,0.));
#4033 = ADVANCED_FACE('',(#4034),#4045,.F.);
#4034 = FACE_BOUND('',#4035,.T.);
#4035 = EDGE_LOOP('',(#4036,#4037,#4043,#4044));
#4036 = ORIENTED_EDGE('',*,*,#1344,.T.);
#4037 = ORIENTED_EDGE('',*,*,#4038,.T.);
#4038 = EDGE_CURVE('',#1345,#2496,#4039,.T.);
#4039 = LINE('',#4040,#4041);
#4040 = CARTESIAN_POINT('',(86.,-65.38,-4.6E-02));
#4041 = VECTOR('',#4042,1.);
#4042 = DIRECTION('',(0.,0.,1.));
#4043 = ORIENTED_EDGE('',*,*,#2495,.F.);
#4044 = ORIENTED_EDGE('',*,*,#4038,.F.);
#4045 = CYLINDRICAL_SURFACE('',#4046,0.5);
#4046 = AXIS2_PLACEMENT_3D('',#4047,#4048,#4049);
#4047 = CARTESIAN_POINT('',(86.,-64.88,-4.6E-02));
#4048 = DIRECTION('',(-0.,-0.,-1.));
#4049 = DIRECTION('',(-0.,-1.,0.));
#4050 = ADVANCED_FACE('',(#4051),#4062,.F.);
#4051 = FACE_BOUND('',#4052,.T.);
#4052 = EDGE_LOOP('',(#4053,#4054,#4060,#4061));
#4053 = ORIENTED_EDGE('',*,*,#1355,.T.);
#4054 = ORIENTED_EDGE('',*,*,#4055,.T.);
#4055 = EDGE_CURVE('',#1356,#2507,#4056,.T.);
#4056 = LINE('',#4057,#4058);
#4057 = CARTESIAN_POINT('',(93.265715,-102.35,-4.6E-02));
#4058 = VECTOR('',#4059,1.);
#4059 = DIRECTION('',(0.,0.,1.));
#4060 = ORIENTED_EDGE('',*,*,#2506,.F.);
#4061 = ORIENTED_EDGE('',*,*,#4055,.F.);
#4062 = CYLINDRICAL_SURFACE('',#4063,0.85);
#4063 = AXIS2_PLACEMENT_3D('',#4064,#4065,#4066);
#4064 = CARTESIAN_POINT('',(93.265715,-101.5,-4.6E-02));
#4065 = DIRECTION('',(-0.,-0.,-1.));
#4066 = DIRECTION('',(-0.,-1.,0.));
#4067 = ADVANCED_FACE('',(#4068),#4079,.F.);
#4068 = FACE_BOUND('',#4069,.T.);
#4069 = EDGE_LOOP('',(#4070,#4071,#4077,#4078));
#4070 = ORIENTED_EDGE('',*,*,#1366,.T.);
#4071 = ORIENTED_EDGE('',*,*,#4072,.T.);
#4072 = EDGE_CURVE('',#1367,#2518,#4073,.T.);
#4073 = LINE('',#4074,#4075);
#4074 = CARTESIAN_POINT('',(94.535715,-99.71,-4.6E-02));
#4075 = VECTOR('',#4076,1.);
#4076 = DIRECTION('',(0.,0.,1.));
#4077 = ORIENTED_EDGE('',*,*,#2517,.F.);
#4078 = ORIENTED_EDGE('',*,*,#4072,.F.);
#4079 = CYLINDRICAL_SURFACE('',#4080,0.75);
#4080 = AXIS2_PLACEMENT_3D('',#4081,#4082,#4083);
#4081 = CARTESIAN_POINT('',(94.535715,-98.96,-4.6E-02));
#4082 = DIRECTION('',(-0.,-0.,-1.));
#4083 = DIRECTION('',(-0.,-1.,0.));
#4084 = ADVANCED_FACE('',(#4085),#4096,.F.);
#4085 = FACE_BOUND('',#4086,.T.);
#4086 = EDGE_LOOP('',(#4087,#4088,#4094,#4095));
#4087 = ORIENTED_EDGE('',*,*,#1377,.T.);
#4088 = ORIENTED_EDGE('',*,*,#4089,.T.);
#4089 = EDGE_CURVE('',#1378,#2529,#4090,.T.);
#4090 = LINE('',#4091,#4092);
#4091 = CARTESIAN_POINT('',(98.345715,-103.5,-4.6E-02));
#4092 = VECTOR('',#4093,1.);
#4093 = DIRECTION('',(0.,0.,1.));
#4094 = ORIENTED_EDGE('',*,*,#2528,.F.);
#4095 = ORIENTED_EDGE('',*,*,#4089,.F.);
#4096 = CYLINDRICAL_SURFACE('',#4097,2.);
#4097 = AXIS2_PLACEMENT_3D('',#4098,#4099,#4100);
#4098 = CARTESIAN_POINT('',(98.345715,-101.5,-4.6E-02));
#4099 = DIRECTION('',(-0.,-0.,-1.));
#4100 = DIRECTION('',(-0.,-1.,0.));
#4101 = ADVANCED_FACE('',(#4102),#4113,.F.);
#4102 = FACE_BOUND('',#4103,.T.);
#4103 = EDGE_LOOP('',(#4104,#4105,#4111,#4112));
#4104 = ORIENTED_EDGE('',*,*,#1388,.T.);
#4105 = ORIENTED_EDGE('',*,*,#4106,.T.);
#4106 = EDGE_CURVE('',#1389,#2540,#4107,.T.);
#4107 = LINE('',#4108,#4109);
#4108 = CARTESIAN_POINT('',(103.425715,-102.35,-4.6E-02));
#4109 = VECTOR('',#4110,1.);
#4110 = DIRECTION('',(0.,0.,1.));
#4111 = ORIENTED_EDGE('',*,*,#2539,.F.);
#4112 = ORIENTED_EDGE('',*,*,#4106,.F.);
#4113 = CYLINDRICAL_SURFACE('',#4114,0.85);
#4114 = AXIS2_PLACEMENT_3D('',#4115,#4116,#4117);
#4115 = CARTESIAN_POINT('',(103.425715,-101.5,-4.6E-02));
#4116 = DIRECTION('',(-0.,-0.,-1.));
#4117 = DIRECTION('',(-0.,-1.,0.));
#4118 = ADVANCED_FACE('',(#4119),#4130,.F.);
#4119 = FACE_BOUND('',#4120,.T.);
#4120 = EDGE_LOOP('',(#4121,#4122,#4128,#4129));
#4121 = ORIENTED_EDGE('',*,*,#1399,.T.);
#4122 = ORIENTED_EDGE('',*,*,#4123,.T.);
#4123 = EDGE_CURVE('',#1400,#2551,#4124,.T.);
#4124 = LINE('',#4125,#4126);
#4125 = CARTESIAN_POINT('',(100.885715,-97.17,-4.6E-02));
#4126 = VECTOR('',#4127,1.);
#4127 = DIRECTION('',(0.,0.,1.));
#4128 = ORIENTED_EDGE('',*,*,#2550,.F.);
#4129 = ORIENTED_EDGE('',*,*,#4123,.F.);
#4130 = CYLINDRICAL_SURFACE('',#4131,0.75);
#4131 = AXIS2_PLACEMENT_3D('',#4132,#4133,#4134);
#4132 = CARTESIAN_POINT('',(100.885715,-96.42,-4.6E-02));
#4133 = DIRECTION('',(-0.,-0.,-1.));
#4134 = DIRECTION('',(-0.,-1.,0.));
#4135 = ADVANCED_FACE('',(#4136),#4147,.F.);
#4136 = FACE_BOUND('',#4137,.T.);
#4137 = EDGE_LOOP('',(#4138,#4139,#4145,#4146));
#4138 = ORIENTED_EDGE('',*,*,#1410,.T.);
#4139 = ORIENTED_EDGE('',*,*,#4140,.T.);
#4140 = EDGE_CURVE('',#1411,#2562,#4141,.T.);
#4141 = LINE('',#4142,#4143);
#4142 = CARTESIAN_POINT('',(113.111429,-102.35,-4.6E-02));
#4143 = VECTOR('',#4144,1.);
#4144 = DIRECTION('',(0.,0.,1.));
#4145 = ORIENTED_EDGE('',*,*,#2561,.F.);
#4146 = ORIENTED_EDGE('',*,*,#4140,.F.);
#4147 = CYLINDRICAL_SURFACE('',#4148,0.85);
#4148 = AXIS2_PLACEMENT_3D('',#4149,#4150,#4151);
#4149 = CARTESIAN_POINT('',(113.111429,-101.5,-4.6E-02));
#4150 = DIRECTION('',(-0.,-0.,-1.));
#4151 = DIRECTION('',(-0.,-1.,0.));
#4152 = ADVANCED_FACE('',(#4153),#4164,.F.);
#4153 = FACE_BOUND('',#4154,.T.);
#4154 = EDGE_LOOP('',(#4155,#4156,#4162,#4163));
#4155 = ORIENTED_EDGE('',*,*,#1421,.T.);
#4156 = ORIENTED_EDGE('',*,*,#4157,.T.);
#4157 = EDGE_CURVE('',#1422,#2573,#4158,.T.);
#4158 = LINE('',#4159,#4160);
#4159 = CARTESIAN_POINT('',(114.381429,-99.71,-4.6E-02));
#4160 = VECTOR('',#4161,1.);
#4161 = DIRECTION('',(0.,0.,1.));
#4162 = ORIENTED_EDGE('',*,*,#2572,.F.);
#4163 = ORIENTED_EDGE('',*,*,#4157,.F.);
#4164 = CYLINDRICAL_SURFACE('',#4165,0.75);
#4165 = AXIS2_PLACEMENT_3D('',#4166,#4167,#4168);
#4166 = CARTESIAN_POINT('',(114.381429,-98.96,-4.6E-02));
#4167 = DIRECTION('',(-0.,-0.,-1.));
#4168 = DIRECTION('',(-0.,-1.,0.));
#4169 = ADVANCED_FACE('',(#4170),#4181,.F.);
#4170 = FACE_BOUND('',#4171,.T.);
#4171 = EDGE_LOOP('',(#4172,#4173,#4179,#4180));
#4172 = ORIENTED_EDGE('',*,*,#1432,.T.);
#4173 = ORIENTED_EDGE('',*,*,#4174,.T.);
#4174 = EDGE_CURVE('',#1433,#2584,#4175,.T.);
#4175 = LINE('',#4176,#4177);
#4176 = CARTESIAN_POINT('',(118.191429,-103.5,-4.6E-02));
#4177 = VECTOR('',#4178,1.);
#4178 = DIRECTION('',(0.,0.,1.));
#4179 = ORIENTED_EDGE('',*,*,#2583,.F.);
#4180 = ORIENTED_EDGE('',*,*,#4174,.F.);
#4181 = CYLINDRICAL_SURFACE('',#4182,2.);
#4182 = AXIS2_PLACEMENT_3D('',#4183,#4184,#4185);
#4183 = CARTESIAN_POINT('',(118.191429,-101.5,-4.6E-02));
#4184 = DIRECTION('',(-0.,-0.,-1.));
#4185 = DIRECTION('',(-0.,-1.,0.));
#4186 = ADVANCED_FACE('',(#4187),#4198,.F.);
#4187 = FACE_BOUND('',#4188,.T.);
#4188 = EDGE_LOOP('',(#4189,#4190,#4196,#4197));
#4189 = ORIENTED_EDGE('',*,*,#1443,.T.);
#4190 = ORIENTED_EDGE('',*,*,#4191,.T.);
#4191 = EDGE_CURVE('',#1444,#2595,#4192,.T.);
#4192 = LINE('',#4193,#4194);
#4193 = CARTESIAN_POINT('',(123.271429,-102.35,-4.6E-02));
#4194 = VECTOR('',#4195,1.);
#4195 = DIRECTION('',(0.,0.,1.));
#4196 = ORIENTED_EDGE('',*,*,#2594,.F.);
#4197 = ORIENTED_EDGE('',*,*,#4191,.F.);
#4198 = CYLINDRICAL_SURFACE('',#4199,0.85);
#4199 = AXIS2_PLACEMENT_3D('',#4200,#4201,#4202);
#4200 = CARTESIAN_POINT('',(123.271429,-101.5,-4.6E-02));
#4201 = DIRECTION('',(-0.,-0.,-1.));
#4202 = DIRECTION('',(-1.671865260612E-14,-1.,0.));
#4203 = ADVANCED_FACE('',(#4204),#4215,.F.);
#4204 = FACE_BOUND('',#4205,.T.);
#4205 = EDGE_LOOP('',(#4206,#4207,#4213,#4214));
#4206 = ORIENTED_EDGE('',*,*,#1454,.T.);
#4207 = ORIENTED_EDGE('',*,*,#4208,.T.);
#4208 = EDGE_CURVE('',#1455,#2606,#4209,.T.);
#4209 = LINE('',#4210,#4211);
#4210 = CARTESIAN_POINT('',(120.731429,-97.17,-4.6E-02));
#4211 = VECTOR('',#4212,1.);
#4212 = DIRECTION('',(0.,0.,1.));
#4213 = ORIENTED_EDGE('',*,*,#2605,.F.);
#4214 = ORIENTED_EDGE('',*,*,#4208,.F.);
#4215 = CYLINDRICAL_SURFACE('',#4216,0.75);
#4216 = AXIS2_PLACEMENT_3D('',#4217,#4218,#4219);
#4217 = CARTESIAN_POINT('',(120.731429,-96.42,-4.6E-02));
#4218 = DIRECTION('',(-0.,-0.,-1.));
#4219 = DIRECTION('',(-0.,-1.,0.));
#4220 = ADVANCED_FACE('',(#4221),#4232,.F.);
#4221 = FACE_BOUND('',#4222,.T.);
#4222 = EDGE_LOOP('',(#4223,#4224,#4230,#4231));
#4223 = ORIENTED_EDGE('',*,*,#1465,.T.);
#4224 = ORIENTED_EDGE('',*,*,#4225,.T.);
#4225 = EDGE_CURVE('',#1466,#2617,#4226,.T.);
#4226 = LINE('',#4227,#4228);
#4227 = CARTESIAN_POINT('',(99.38,-81.09,-4.6E-02));
#4228 = VECTOR('',#4229,1.);
#4229 = DIRECTION('',(0.,0.,1.));
#4230 = ORIENTED_EDGE('',*,*,#2616,.F.);
#4231 = ORIENTED_EDGE('',*,*,#4225,.F.);
#4232 = CYLINDRICAL_SURFACE('',#4233,0.4);
#4233 = AXIS2_PLACEMENT_3D('',#4234,#4235,#4236);
#4234 = CARTESIAN_POINT('',(99.38,-80.69,-4.6E-02));
#4235 = DIRECTION('',(-0.,-0.,-1.));
#4236 = DIRECTION('',(-0.,-1.,0.));
#4237 = ADVANCED_FACE('',(#4238),#4249,.F.);
#4238 = FACE_BOUND('',#4239,.T.);
#4239 = EDGE_LOOP('',(#4240,#4241,#4247,#4248));
#4240 = ORIENTED_EDGE('',*,*,#1476,.T.);
#4241 = ORIENTED_EDGE('',*,*,#4242,.T.);
#4242 = EDGE_CURVE('',#1477,#2628,#4243,.T.);
#4243 = LINE('',#4244,#4245);
#4244 = CARTESIAN_POINT('',(107.,-81.09,-4.6E-02));
#4245 = VECTOR('',#4246,1.);
#4246 = DIRECTION('',(0.,0.,1.));
#4247 = ORIENTED_EDGE('',*,*,#2627,.F.);
#4248 = ORIENTED_EDGE('',*,*,#4242,.F.);
#4249 = CYLINDRICAL_SURFACE('',#4250,0.4);
#4250 = AXIS2_PLACEMENT_3D('',#4251,#4252,#4253);
#4251 = CARTESIAN_POINT('',(107.,-80.69,-4.6E-02));
#4252 = DIRECTION('',(-0.,-0.,-1.));
#4253 = DIRECTION('',(-0.,-1.,0.));
#4254 = ADVANCED_FACE('',(#4255),#4271,.F.);
#4255 = FACE_BOUND('',#4256,.T.);
#4256 = EDGE_LOOP('',(#4257,#4258,#4264,#4265));
#4257 = ORIENTED_EDGE('',*,*,#1487,.T.);
#4258 = ORIENTED_EDGE('',*,*,#4259,.T.);
#4259 = EDGE_CURVE('',#1490,#2641,#4260,.T.);
#4260 = LINE('',#4261,#4262);
#4261 = CARTESIAN_POINT('',(101.65,-75.85,-4.6E-02));
#4262 = VECTOR('',#4263,1.);
#4263 = DIRECTION('',(0.,0.,1.));
#4264 = ORIENTED_EDGE('',*,*,#2638,.F.);
#4265 = ORIENTED_EDGE('',*,*,#4266,.F.);
#4266 = EDGE_CURVE('',#1488,#2639,#4267,.T.);
#4267 = LINE('',#4268,#4269);
#4268 = CARTESIAN_POINT('',(101.65,-74.35,-4.6E-02));
#4269 = VECTOR('',#4270,1.);
#4270 = DIRECTION('',(0.,0.,1.));
#4271 = CYLINDRICAL_SURFACE('',#4272,0.75);
#4272 = AXIS2_PLACEMENT_3D('',#4273,#4274,#4275);
#4273 = CARTESIAN_POINT('',(101.65,-75.1,-4.6E-02));
#4274 = DIRECTION('',(-0.,-0.,-1.));
#4275 = DIRECTION('',(-0.,-1.,0.));
#4276 = ADVANCED_FACE('',(#4277),#4288,.T.);
#4277 = FACE_BOUND('',#4278,.T.);
#4278 = EDGE_LOOP('',(#4279,#4280,#4281,#4282));
#4279 = ORIENTED_EDGE('',*,*,#1515,.T.);
#4280 = ORIENTED_EDGE('',*,*,#4266,.T.);
#4281 = ORIENTED_EDGE('',*,*,#2666,.F.);
#4282 = ORIENTED_EDGE('',*,*,#4283,.F.);
#4283 = EDGE_CURVE('',#1507,#2658,#4284,.T.);
#4284 = LINE('',#4285,#4286);
#4285 = CARTESIAN_POINT('',(100.35,-74.35,-4.6E-02));
#4286 = VECTOR('',#4287,1.);
#4287 = DIRECTION('',(0.,0.,1.));
#4288 = PLANE('',#4289);
#4289 = AXIS2_PLACEMENT_3D('',#4290,#4291,#4292);
#4290 = CARTESIAN_POINT('',(101.65,-74.35,-4.6E-02));
#4291 = DIRECTION('',(0.,-1.,0.));
#4292 = DIRECTION('',(-1.,0.,0.));
#4293 = ADVANCED_FACE('',(#4294),#4305,.F.);
#4294 = FACE_BOUND('',#4295,.T.);
#4295 = EDGE_LOOP('',(#4296,#4297,#4298,#4299));
#4296 = ORIENTED_EDGE('',*,*,#1506,.T.);
#4297 = ORIENTED_EDGE('',*,*,#4283,.T.);
#4298 = ORIENTED_EDGE('',*,*,#2657,.F.);
#4299 = ORIENTED_EDGE('',*,*,#4300,.F.);
#4300 = EDGE_CURVE('',#1499,#2650,#4301,.T.);
#4301 = LINE('',#4302,#4303);
#4302 = CARTESIAN_POINT('',(100.35,-75.85,-4.6E-02));
#4303 = VECTOR('',#4304,1.);
#4304 = DIRECTION('',(0.,0.,1.));
#4305 = CYLINDRICAL_SURFACE('',#4306,0.75);
#4306 = AXIS2_PLACEMENT_3D('',#4307,#4308,#4309);
#4307 = CARTESIAN_POINT('',(100.35,-75.1,-4.6E-02));
#4308 = DIRECTION('',(-0.,0.,-1.));
#4309 = DIRECTION('',(0.,1.,0.));
#4310 = ADVANCED_FACE('',(#4311),#4317,.T.);
#4311 = FACE_BOUND('',#4312,.T.);
#4312 = EDGE_LOOP('',(#4313,#4314,#4315,#4316));
#4313 = ORIENTED_EDGE('',*,*,#1498,.T.);
#4314 = ORIENTED_EDGE('',*,*,#4300,.T.);
#4315 = ORIENTED_EDGE('',*,*,#2649,.F.);
#4316 = ORIENTED_EDGE('',*,*,#4259,.F.);
#4317 = PLANE('',#4318);
#4318 = AXIS2_PLACEMENT_3D('',#4319,#4320,#4321);
#4319 = CARTESIAN_POINT('',(100.35,-75.85,-4.6E-02));
#4320 = DIRECTION('',(0.,1.,0.));
#4321 = DIRECTION('',(1.,0.,0.));
#4322 = ADVANCED_FACE('',(#4323),#4334,.F.);
#4323 = FACE_BOUND('',#4324,.T.);
#4324 = EDGE_LOOP('',(#4325,#4326,#4332,#4333));
#4325 = ORIENTED_EDGE('',*,*,#1523,.T.);
#4326 = ORIENTED_EDGE('',*,*,#4327,.T.);
#4327 = EDGE_CURVE('',#1524,#2675,#4328,.T.);
#4328 = LINE('',#4329,#4330);
#4329 = CARTESIAN_POINT('',(93.5,-72.5,-4.6E-02));
#4330 = VECTOR('',#4331,1.);
#4331 = DIRECTION('',(0.,0.,1.));
#4332 = ORIENTED_EDGE('',*,*,#2674,.F.);
#4333 = ORIENTED_EDGE('',*,*,#4327,.F.);
#4334 = CYLINDRICAL_SURFACE('',#4335,0.5);
#4335 = AXIS2_PLACEMENT_3D('',#4336,#4337,#4338);
#4336 = CARTESIAN_POINT('',(93.5,-72.,-4.6E-02));
#4337 = DIRECTION('',(-0.,-0.,-1.));
#4338 = DIRECTION('',(-0.,-1.,0.));
#4339 = ADVANCED_FACE('',(#4340),#4351,.F.);
#4340 = FACE_BOUND('',#4341,.T.);
#4341 = EDGE_LOOP('',(#4342,#4343,#4349,#4350));
#4342 = ORIENTED_EDGE('',*,*,#1534,.T.);
#4343 = ORIENTED_EDGE('',*,*,#4344,.T.);
#4344 = EDGE_CURVE('',#1535,#2686,#4345,.T.);
#4345 = LINE('',#4346,#4347);
#4346 = CARTESIAN_POINT('',(93.5,-70.,-4.6E-02));
#4347 = VECTOR('',#4348,1.);
#4348 = DIRECTION('',(0.,0.,1.));
#4349 = ORIENTED_EDGE('',*,*,#2685,.F.);
#4350 = ORIENTED_EDGE('',*,*,#4344,.F.);
#4351 = CYLINDRICAL_SURFACE('',#4352,0.5);
#4352 = AXIS2_PLACEMENT_3D('',#4353,#4354,#4355);
#4353 = CARTESIAN_POINT('',(93.5,-69.5,-4.6E-02));
#4354 = DIRECTION('',(-0.,-0.,-1.));
#4355 = DIRECTION('',(-0.,-1.,0.));
#4356 = ADVANCED_FACE('',(#4357),#4368,.F.);
#4357 = FACE_BOUND('',#4358,.T.);
#4358 = EDGE_LOOP('',(#4359,#4360,#4366,#4367));
#4359 = ORIENTED_EDGE('',*,*,#1545,.T.);
#4360 = ORIENTED_EDGE('',*,*,#4361,.T.);
#4361 = EDGE_CURVE('',#1546,#2697,#4362,.T.);
#4362 = LINE('',#4363,#4364);
#4363 = CARTESIAN_POINT('',(93.5,-67.5,-4.6E-02));
#4364 = VECTOR('',#4365,1.);
#4365 = DIRECTION('',(0.,0.,1.));
#4366 = ORIENTED_EDGE('',*,*,#2696,.F.);
#4367 = ORIENTED_EDGE('',*,*,#4361,.F.);
#4368 = CYLINDRICAL_SURFACE('',#4369,0.5);
#4369 = AXIS2_PLACEMENT_3D('',#4370,#4371,#4372);
#4370 = CARTESIAN_POINT('',(93.5,-67.,-4.6E-02));
#4371 = DIRECTION('',(-0.,-0.,-1.));
#4372 = DIRECTION('',(-0.,-1.,0.));
#4373 = ADVANCED_FACE('',(#4374),#4385,.F.);
#4374 = FACE_BOUND('',#4375,.T.);
#4375 = EDGE_LOOP('',(#4376,#4377,#4383,#4384));
#4376 = ORIENTED_EDGE('',*,*,#1556,.T.);
#4377 = ORIENTED_EDGE('',*,*,#4378,.T.);
#4378 = EDGE_CURVE('',#1557,#2708,#4379,.T.);
#4379 = LINE('',#4380,#4381);
#4380 = CARTESIAN_POINT('',(108.,-72.5,-4.6E-02));
#4381 = VECTOR('',#4382,1.);
#4382 = DIRECTION('',(0.,0.,1.));
#4383 = ORIENTED_EDGE('',*,*,#2707,.F.);
#4384 = ORIENTED_EDGE('',*,*,#4378,.F.);
#4385 = CYLINDRICAL_SURFACE('',#4386,0.5);
#4386 = AXIS2_PLACEMENT_3D('',#4387,#4388,#4389);
#4387 = CARTESIAN_POINT('',(108.,-72.,-4.6E-02));
#4388 = DIRECTION('',(-0.,-0.,-1.));
#4389 = DIRECTION('',(-0.,-1.,0.));
#4390 = ADVANCED_FACE('',(#4391),#4407,.F.);
#4391 = FACE_BOUND('',#4392,.T.);
#4392 = EDGE_LOOP('',(#4393,#4394,#4400,#4401));
#4393 = ORIENTED_EDGE('',*,*,#1567,.T.);
#4394 = ORIENTED_EDGE('',*,*,#4395,.T.);
#4395 = EDGE_CURVE('',#1570,#2721,#4396,.T.);
#4396 = LINE('',#4397,#4398);
#4397 = CARTESIAN_POINT('',(101.65,-64.65,-4.6E-02));
#4398 = VECTOR('',#4399,1.);
#4399 = DIRECTION('',(0.,0.,1.));
#4400 = ORIENTED_EDGE('',*,*,#2718,.F.);
#4401 = ORIENTED_EDGE('',*,*,#4402,.F.);
#4402 = EDGE_CURVE('',#1568,#2719,#4403,.T.);
#4403 = LINE('',#4404,#4405);
#4404 = CARTESIAN_POINT('',(101.65,-63.15,-4.6E-02));
#4405 = VECTOR('',#4406,1.);
#4406 = DIRECTION('',(0.,0.,1.));
#4407 = CYLINDRICAL_SURFACE('',#4408,0.75);
#4408 = AXIS2_PLACEMENT_3D('',#4409,#4410,#4411);
#4409 = CARTESIAN_POINT('',(101.65,-63.9,-4.6E-02));
#4410 = DIRECTION('',(-0.,-0.,-1.));
#4411 = DIRECTION('',(-0.,-1.,0.));
#4412 = ADVANCED_FACE('',(#4413),#4424,.T.);
#4413 = FACE_BOUND('',#4414,.T.);
#4414 = EDGE_LOOP('',(#4415,#4416,#4417,#4418));
#4415 = ORIENTED_EDGE('',*,*,#1595,.T.);
#4416 = ORIENTED_EDGE('',*,*,#4402,.T.);
#4417 = ORIENTED_EDGE('',*,*,#2746,.F.);
#4418 = ORIENTED_EDGE('',*,*,#4419,.F.);
#4419 = EDGE_CURVE('',#1587,#2738,#4420,.T.);
#4420 = LINE('',#4421,#4422);
#4421 = CARTESIAN_POINT('',(100.35,-63.15,-4.6E-02));
#4422 = VECTOR('',#4423,1.);
#4423 = DIRECTION('',(0.,0.,1.));
#4424 = PLANE('',#4425);
#4425 = AXIS2_PLACEMENT_3D('',#4426,#4427,#4428);
#4426 = CARTESIAN_POINT('',(101.65,-63.15,-4.6E-02));
#4427 = DIRECTION('',(0.,-1.,0.));
#4428 = DIRECTION('',(-1.,0.,0.));
#4429 = ADVANCED_FACE('',(#4430),#4441,.F.);
#4430 = FACE_BOUND('',#4431,.T.);
#4431 = EDGE_LOOP('',(#4432,#4433,#4434,#4435));
#4432 = ORIENTED_EDGE('',*,*,#1586,.T.);
#4433 = ORIENTED_EDGE('',*,*,#4419,.T.);
#4434 = ORIENTED_EDGE('',*,*,#2737,.F.);
#4435 = ORIENTED_EDGE('',*,*,#4436,.F.);
#4436 = EDGE_CURVE('',#1579,#2730,#4437,.T.);
#4437 = LINE('',#4438,#4439);
#4438 = CARTESIAN_POINT('',(100.35,-64.65,-4.6E-02));
#4439 = VECTOR('',#4440,1.);
#4440 = DIRECTION('',(0.,0.,1.));
#4441 = CYLINDRICAL_SURFACE('',#4442,0.75);
#4442 = AXIS2_PLACEMENT_3D('',#4443,#4444,#4445);
#4443 = CARTESIAN_POINT('',(100.35,-63.9,-4.6E-02));
#4444 = DIRECTION('',(-0.,0.,-1.));
#4445 = DIRECTION('',(0.,1.,0.));
#4446 = ADVANCED_FACE('',(#4447),#4453,.T.);
#4447 = FACE_BOUND('',#4448,.T.);
#4448 = EDGE_LOOP('',(#4449,#4450,#4451,#4452));
#4449 = ORIENTED_EDGE('',*,*,#1578,.T.);
#4450 = ORIENTED_EDGE('',*,*,#4436,.T.);
#4451 = ORIENTED_EDGE('',*,*,#2729,.F.);
#4452 = ORIENTED_EDGE('',*,*,#4395,.F.);
#4453 = PLANE('',#4454);
#4454 = AXIS2_PLACEMENT_3D('',#4455,#4456,#4457);
#4455 = CARTESIAN_POINT('',(100.35,-64.65,-4.6E-02));
#4456 = DIRECTION('',(0.,1.,0.));
#4457 = DIRECTION('',(1.,0.,0.));
#4458 = ADVANCED_FACE('',(#4459),#4470,.F.);
#4459 = FACE_BOUND('',#4460,.T.);
#4460 = EDGE_LOOP('',(#4461,#4462,#4468,#4469));
#4461 = ORIENTED_EDGE('',*,*,#1603,.T.);
#4462 = ORIENTED_EDGE('',*,*,#4463,.T.);
#4463 = EDGE_CURVE('',#1604,#2755,#4464,.T.);
#4464 = LINE('',#4465,#4466);
#4465 = CARTESIAN_POINT('',(108.,-67.5,-4.6E-02));
#4466 = VECTOR('',#4467,1.);
#4467 = DIRECTION('',(0.,0.,1.));
#4468 = ORIENTED_EDGE('',*,*,#2754,.F.);
#4469 = ORIENTED_EDGE('',*,*,#4463,.F.);
#4470 = CYLINDRICAL_SURFACE('',#4471,0.5);
#4471 = AXIS2_PLACEMENT_3D('',#4472,#4473,#4474);
#4472 = CARTESIAN_POINT('',(108.,-67.,-4.6E-02));
#4473 = DIRECTION('',(-0.,-0.,-1.));
#4474 = DIRECTION('',(-0.,-1.,0.));
#4475 = ADVANCED_FACE('',(#4476),#4487,.F.);
#4476 = FACE_BOUND('',#4477,.T.);
#4477 = EDGE_LOOP('',(#4478,#4479,#4485,#4486));
#4478 = ORIENTED_EDGE('',*,*,#1614,.T.);
#4479 = ORIENTED_EDGE('',*,*,#4480,.T.);
#4480 = EDGE_CURVE('',#1615,#2766,#4481,.T.);
#4481 = LINE('',#4482,#4483);
#4482 = CARTESIAN_POINT('',(120.5,-80.9,-4.6E-02));
#4483 = VECTOR('',#4484,1.);
#4484 = DIRECTION('',(0.,0.,1.));
#4485 = ORIENTED_EDGE('',*,*,#2765,.F.);
#4486 = ORIENTED_EDGE('',*,*,#4480,.F.);
#4487 = CYLINDRICAL_SURFACE('',#4488,0.4);
#4488 = AXIS2_PLACEMENT_3D('',#4489,#4490,#4491);
#4489 = CARTESIAN_POINT('',(120.5,-80.5,-4.6E-02));
#4490 = DIRECTION('',(-0.,-0.,-1.));
#4491 = DIRECTION('',(-0.,-1.,0.));
#4492 = ADVANCED_FACE('',(#4493),#4504,.F.);
#4493 = FACE_BOUND('',#4494,.T.);
#4494 = EDGE_LOOP('',(#4495,#4496,#4502,#4503));
#4495 = ORIENTED_EDGE('',*,*,#1625,.T.);
#4496 = ORIENTED_EDGE('',*,*,#4497,.T.);
#4497 = EDGE_CURVE('',#1626,#2777,#4498,.T.);
#4498 = LINE('',#4499,#4500);
#4499 = CARTESIAN_POINT('',(128.12,-80.9,-4.6E-02));
#4500 = VECTOR('',#4501,1.);
#4501 = DIRECTION('',(0.,0.,1.));
#4502 = ORIENTED_EDGE('',*,*,#2776,.F.);
#4503 = ORIENTED_EDGE('',*,*,#4497,.F.);
#4504 = CYLINDRICAL_SURFACE('',#4505,0.4);
#4505 = AXIS2_PLACEMENT_3D('',#4506,#4507,#4508);
#4506 = CARTESIAN_POINT('',(128.12,-80.5,-4.6E-02));
#4507 = DIRECTION('',(-0.,-0.,-1.));
#4508 = DIRECTION('',(-0.,-1.,0.));
#4509 = ADVANCED_FACE('',(#4510),#4526,.F.);
#4510 = FACE_BOUND('',#4511,.T.);
#4511 = EDGE_LOOP('',(#4512,#4513,#4519,#4520));
#4512 = ORIENTED_EDGE('',*,*,#1636,.T.);
#4513 = ORIENTED_EDGE('',*,*,#4514,.T.);
#4514 = EDGE_CURVE('',#1639,#2790,#4515,.T.);
#4515 = LINE('',#4516,#4517);
#4516 = CARTESIAN_POINT('',(121.4,-75.85,-4.6E-02));
#4517 = VECTOR('',#4518,1.);
#4518 = DIRECTION('',(0.,0.,1.));
#4519 = ORIENTED_EDGE('',*,*,#2787,.F.);
#4520 = ORIENTED_EDGE('',*,*,#4521,.F.);
#4521 = EDGE_CURVE('',#1637,#2788,#4522,.T.);
#4522 = LINE('',#4523,#4524);
#4523 = CARTESIAN_POINT('',(121.4,-74.35,-4.6E-02));
#4524 = VECTOR('',#4525,1.);
#4525 = DIRECTION('',(0.,0.,1.));
#4526 = CYLINDRICAL_SURFACE('',#4527,0.75);
#4527 = AXIS2_PLACEMENT_3D('',#4528,#4529,#4530);
#4528 = CARTESIAN_POINT('',(121.4,-75.1,-4.6E-02));
#4529 = DIRECTION('',(-0.,-0.,-1.));
#4530 = DIRECTION('',(-0.,-1.,0.));
#4531 = ADVANCED_FACE('',(#4532),#4543,.T.);
#4532 = FACE_BOUND('',#4533,.T.);
#4533 = EDGE_LOOP('',(#4534,#4535,#4536,#4537));
#4534 = ORIENTED_EDGE('',*,*,#1664,.T.);
#4535 = ORIENTED_EDGE('',*,*,#4521,.T.);
#4536 = ORIENTED_EDGE('',*,*,#2815,.F.);
#4537 = ORIENTED_EDGE('',*,*,#4538,.F.);
#4538 = EDGE_CURVE('',#1656,#2807,#4539,.T.);
#4539 = LINE('',#4540,#4541);
#4540 = CARTESIAN_POINT('',(120.1,-74.35,-4.6E-02));
#4541 = VECTOR('',#4542,1.);
#4542 = DIRECTION('',(0.,0.,1.));
#4543 = PLANE('',#4544);
#4544 = AXIS2_PLACEMENT_3D('',#4545,#4546,#4547);
#4545 = CARTESIAN_POINT('',(121.4,-74.35,-4.6E-02));
#4546 = DIRECTION('',(0.,-1.,0.));
#4547 = DIRECTION('',(-1.,0.,0.));
#4548 = ADVANCED_FACE('',(#4549),#4560,.F.);
#4549 = FACE_BOUND('',#4550,.T.);
#4550 = EDGE_LOOP('',(#4551,#4552,#4553,#4554));
#4551 = ORIENTED_EDGE('',*,*,#1655,.T.);
#4552 = ORIENTED_EDGE('',*,*,#4538,.T.);
#4553 = ORIENTED_EDGE('',*,*,#2806,.F.);
#4554 = ORIENTED_EDGE('',*,*,#4555,.F.);
#4555 = EDGE_CURVE('',#1648,#2799,#4556,.T.);
#4556 = LINE('',#4557,#4558);
#4557 = CARTESIAN_POINT('',(120.1,-75.85,-4.6E-02));
#4558 = VECTOR('',#4559,1.);
#4559 = DIRECTION('',(0.,0.,1.));
#4560 = CYLINDRICAL_SURFACE('',#4561,0.75);
#4561 = AXIS2_PLACEMENT_3D('',#4562,#4563,#4564);
#4562 = CARTESIAN_POINT('',(120.1,-75.1,-4.6E-02));
#4563 = DIRECTION('',(-0.,0.,-1.));
#4564 = DIRECTION('',(0.,1.,0.));
#4565 = ADVANCED_FACE('',(#4566),#4572,.T.);
#4566 = FACE_BOUND('',#4567,.T.);
#4567 = EDGE_LOOP('',(#4568,#4569,#4570,#4571));
#4568 = ORIENTED_EDGE('',*,*,#1647,.T.);
#4569 = ORIENTED_EDGE('',*,*,#4555,.T.);
#4570 = ORIENTED_EDGE('',*,*,#2798,.F.);
#4571 = ORIENTED_EDGE('',*,*,#4514,.F.);
#4572 = PLANE('',#4573);
#4573 = AXIS2_PLACEMENT_3D('',#4574,#4575,#4576);
#4574 = CARTESIAN_POINT('',(120.1,-75.85,-4.6E-02));
#4575 = DIRECTION('',(0.,1.,0.));
#4576 = DIRECTION('',(1.,0.,0.));
#4577 = ADVANCED_FACE('',(#4578),#4589,.F.);
#4578 = FACE_BOUND('',#4579,.T.);
#4579 = EDGE_LOOP('',(#4580,#4581,#4587,#4588));
#4580 = ORIENTED_EDGE('',*,*,#1672,.T.);
#4581 = ORIENTED_EDGE('',*,*,#4582,.T.);
#4582 = EDGE_CURVE('',#1673,#2824,#4583,.T.);
#4583 = LINE('',#4584,#4585);
#4584 = CARTESIAN_POINT('',(113.25,-72.5,-4.6E-02));
#4585 = VECTOR('',#4586,1.);
#4586 = DIRECTION('',(0.,0.,1.));
#4587 = ORIENTED_EDGE('',*,*,#2823,.F.);
#4588 = ORIENTED_EDGE('',*,*,#4582,.F.);
#4589 = CYLINDRICAL_SURFACE('',#4590,0.5);
#4590 = AXIS2_PLACEMENT_3D('',#4591,#4592,#4593);
#4591 = CARTESIAN_POINT('',(113.25,-72.,-4.6E-02));
#4592 = DIRECTION('',(-0.,-0.,-1.));
#4593 = DIRECTION('',(-0.,-1.,0.));
#4594 = ADVANCED_FACE('',(#4595),#4606,.F.);
#4595 = FACE_BOUND('',#4596,.T.);
#4596 = EDGE_LOOP('',(#4597,#4598,#4604,#4605));
#4597 = ORIENTED_EDGE('',*,*,#1683,.T.);
#4598 = ORIENTED_EDGE('',*,*,#4599,.T.);
#4599 = EDGE_CURVE('',#1684,#2835,#4600,.T.);
#4600 = LINE('',#4601,#4602);
#4601 = CARTESIAN_POINT('',(113.25,-70.,-4.6E-02));
#4602 = VECTOR('',#4603,1.);
#4603 = DIRECTION('',(0.,0.,1.));
#4604 = ORIENTED_EDGE('',*,*,#2834,.F.);
#4605 = ORIENTED_EDGE('',*,*,#4599,.F.);
#4606 = CYLINDRICAL_SURFACE('',#4607,0.5);
#4607 = AXIS2_PLACEMENT_3D('',#4608,#4609,#4610);
#4608 = CARTESIAN_POINT('',(113.25,-69.5,-4.6E-02));
#4609 = DIRECTION('',(-0.,-0.,-1.));
#4610 = DIRECTION('',(-0.,-1.,0.));
#4611 = ADVANCED_FACE('',(#4612),#4623,.F.);
#4612 = FACE_BOUND('',#4613,.T.);
#4613 = EDGE_LOOP('',(#4614,#4615,#4621,#4622));
#4614 = ORIENTED_EDGE('',*,*,#1694,.T.);
#4615 = ORIENTED_EDGE('',*,*,#4616,.T.);
#4616 = EDGE_CURVE('',#1695,#2846,#4617,.T.);
#4617 = LINE('',#4618,#4619);
#4618 = CARTESIAN_POINT('',(113.25,-67.5,-4.6E-02));
#4619 = VECTOR('',#4620,1.);
#4620 = DIRECTION('',(0.,0.,1.));
#4621 = ORIENTED_EDGE('',*,*,#2845,.F.);
#4622 = ORIENTED_EDGE('',*,*,#4616,.F.);
#4623 = CYLINDRICAL_SURFACE('',#4624,0.5);
#4624 = AXIS2_PLACEMENT_3D('',#4625,#4626,#4627);
#4625 = CARTESIAN_POINT('',(113.25,-67.,-4.6E-02));
#4626 = DIRECTION('',(-0.,-0.,-1.));
#4627 = DIRECTION('',(-0.,-1.,0.));
#4628 = ADVANCED_FACE('',(#4629),#4640,.F.);
#4629 = FACE_BOUND('',#4630,.T.);
#4630 = EDGE_LOOP('',(#4631,#4632,#4638,#4639));
#4631 = ORIENTED_EDGE('',*,*,#1705,.T.);
#4632 = ORIENTED_EDGE('',*,*,#4633,.T.);
#4633 = EDGE_CURVE('',#1706,#2857,#4634,.T.);
#4634 = LINE('',#4635,#4636);
#4635 = CARTESIAN_POINT('',(127.75,-72.5,-4.6E-02));
#4636 = VECTOR('',#4637,1.);
#4637 = DIRECTION('',(0.,0.,1.));
#4638 = ORIENTED_EDGE('',*,*,#2856,.F.);
#4639 = ORIENTED_EDGE('',*,*,#4633,.F.);
#4640 = CYLINDRICAL_SURFACE('',#4641,0.5);
#4641 = AXIS2_PLACEMENT_3D('',#4642,#4643,#4644);
#4642 = CARTESIAN_POINT('',(127.75,-72.,-4.6E-02));
#4643 = DIRECTION('',(-0.,-0.,-1.));
#4644 = DIRECTION('',(-0.,-1.,0.));
#4645 = ADVANCED_FACE('',(#4646),#4662,.F.);
#4646 = FACE_BOUND('',#4647,.T.);
#4647 = EDGE_LOOP('',(#4648,#4649,#4655,#4656));
#4648 = ORIENTED_EDGE('',*,*,#1716,.T.);
#4649 = ORIENTED_EDGE('',*,*,#4650,.T.);
#4650 = EDGE_CURVE('',#1719,#2870,#4651,.T.);
#4651 = LINE('',#4652,#4653);
#4652 = CARTESIAN_POINT('',(121.4,-64.65,-4.6E-02));
#4653 = VECTOR('',#4654,1.);
#4654 = DIRECTION('',(0.,0.,1.));
#4655 = ORIENTED_EDGE('',*,*,#2867,.F.);
#4656 = ORIENTED_EDGE('',*,*,#4657,.F.);
#4657 = EDGE_CURVE('',#1717,#2868,#4658,.T.);
#4658 = LINE('',#4659,#4660);
#4659 = CARTESIAN_POINT('',(121.4,-63.15,-4.6E-02));
#4660 = VECTOR('',#4661,1.);
#4661 = DIRECTION('',(0.,0.,1.));
#4662 = CYLINDRICAL_SURFACE('',#4663,0.75);
#4663 = AXIS2_PLACEMENT_3D('',#4664,#4665,#4666);
#4664 = CARTESIAN_POINT('',(121.4,-63.9,-4.6E-02));
#4665 = DIRECTION('',(-0.,-0.,-1.));
#4666 = DIRECTION('',(-0.,-1.,0.));
#4667 = ADVANCED_FACE('',(#4668),#4679,.T.);
#4668 = FACE_BOUND('',#4669,.T.);
#4669 = EDGE_LOOP('',(#4670,#4671,#4672,#4673));
#4670 = ORIENTED_EDGE('',*,*,#1744,.T.);
#4671 = ORIENTED_EDGE('',*,*,#4657,.T.);
#4672 = ORIENTED_EDGE('',*,*,#2895,.F.);
#4673 = ORIENTED_EDGE('',*,*,#4674,.F.);
#4674 = EDGE_CURVE('',#1736,#2887,#4675,.T.);
#4675 = LINE('',#4676,#4677);
#4676 = CARTESIAN_POINT('',(120.1,-63.15,-4.6E-02));
#4677 = VECTOR('',#4678,1.);
#4678 = DIRECTION('',(0.,0.,1.));
#4679 = PLANE('',#4680);
#4680 = AXIS2_PLACEMENT_3D('',#4681,#4682,#4683);
#4681 = CARTESIAN_POINT('',(121.4,-63.15,-4.6E-02));
#4682 = DIRECTION('',(0.,-1.,0.));
#4683 = DIRECTION('',(-1.,0.,0.));
#4684 = ADVANCED_FACE('',(#4685),#4696,.F.);
#4685 = FACE_BOUND('',#4686,.T.);
#4686 = EDGE_LOOP('',(#4687,#4688,#4689,#4690));
#4687 = ORIENTED_EDGE('',*,*,#1735,.T.);
#4688 = ORIENTED_EDGE('',*,*,#4674,.T.);
#4689 = ORIENTED_EDGE('',*,*,#2886,.F.);
#4690 = ORIENTED_EDGE('',*,*,#4691,.F.);
#4691 = EDGE_CURVE('',#1728,#2879,#4692,.T.);
#4692 = LINE('',#4693,#4694);
#4693 = CARTESIAN_POINT('',(120.1,-64.65,-4.6E-02));
#4694 = VECTOR('',#4695,1.);
#4695 = DIRECTION('',(0.,0.,1.));
#4696 = CYLINDRICAL_SURFACE('',#4697,0.75);
#4697 = AXIS2_PLACEMENT_3D('',#4698,#4699,#4700);
#4698 = CARTESIAN_POINT('',(120.1,-63.9,-4.6E-02));
#4699 = DIRECTION('',(-0.,0.,-1.));
#4700 = DIRECTION('',(0.,1.,0.));
#4701 = ADVANCED_FACE('',(#4702),#4708,.T.);
#4702 = FACE_BOUND('',#4703,.T.);
#4703 = EDGE_LOOP('',(#4704,#4705,#4706,#4707));
#4704 = ORIENTED_EDGE('',*,*,#1727,.T.);
#4705 = ORIENTED_EDGE('',*,*,#4691,.T.);
#4706 = ORIENTED_EDGE('',*,*,#2878,.F.);
#4707 = ORIENTED_EDGE('',*,*,#4650,.F.);
#4708 = PLANE('',#4709);
#4709 = AXIS2_PLACEMENT_3D('',#4710,#4711,#4712);
#4710 = CARTESIAN_POINT('',(120.1,-64.65,-4.6E-02));
#4711 = DIRECTION('',(0.,1.,0.));
#4712 = DIRECTION('',(1.,0.,0.));
#4713 = ADVANCED_FACE('',(#4714),#4725,.F.);
#4714 = FACE_BOUND('',#4715,.T.);
#4715 = EDGE_LOOP('',(#4716,#4717,#4723,#4724));
#4716 = ORIENTED_EDGE('',*,*,#1752,.T.);
#4717 = ORIENTED_EDGE('',*,*,#4718,.T.);
#4718 = EDGE_CURVE('',#1753,#2904,#4719,.T.);
#4719 = LINE('',#4720,#4721);
#4720 = CARTESIAN_POINT('',(127.75,-67.5,-4.6E-02));
#4721 = VECTOR('',#4722,1.);
#4722 = DIRECTION('',(0.,0.,1.));
#4723 = ORIENTED_EDGE('',*,*,#2903,.F.);
#4724 = ORIENTED_EDGE('',*,*,#4718,.F.);
#4725 = CYLINDRICAL_SURFACE('',#4726,0.5);
#4726 = AXIS2_PLACEMENT_3D('',#4727,#4728,#4729);
#4727 = CARTESIAN_POINT('',(127.75,-67.,-4.6E-02));
#4728 = DIRECTION('',(-0.,-0.,-1.));
#4729 = DIRECTION('',(-0.,-1.,0.));
#4730 = ( GEOMETRIC_REPRESENTATION_CONTEXT(3) 
GLOBAL_UNCERTAINTY_ASSIGNED_CONTEXT((#4734)) 
GLOBAL_UNIT_ASSIGNED_CONTEXT((#4731,#4732,#4733)) REPRESENTATION_CONTEXT
('Context #1','3D Context with UNIT and UNCERTAINTY') );
#4731 = ( LENGTH_UNIT() NAMED_UNIT(*) SI_UNIT(.MILLI.,.METRE.) );
#4732 = ( NAMED_UNIT(*) PLANE_ANGLE_UNIT() SI_UNIT($,.RADIAN.) );
#4733 = ( NAMED_UNIT(*) SI_UNIT($,.STERADIAN.) SOLID_ANGLE_UNIT() );
#4734 = UNCERTAINTY_MEASURE_WITH_UNIT(LENGTH_MEASURE(1.E-07),#4731,
  'distance_accuracy_value','confusion accuracy');
#4735 = CONTEXT_DEPENDENT_SHAPE_REPRESENTATION(#4736,#4738);
#4736 = ( REPRESENTATION_RELATIONSHIP('','',#509,#10) 
REPRESENTATION_RELATIONSHIP_WITH_TRANSFORMATION(#4737) 
SHAPE_REPRESENTATION_RELATIONSHIP() );
#4737 = ITEM_DEFINED_TRANSFORMATION('','',#11,#55);
#4738 = PRODUCT_DEFINITION_SHAPE('Placement','Placement of an item',
  #4739);
#4739 = NEXT_ASSEMBLY_USAGE_OCCURRENCE('12','=>[0:1:1:4]','',#5,#504,$);
#4740 = PRODUCT_RELATED_PRODUCT_CATEGORY('part',$,(#506));
#4741 = MECHANICAL_DESIGN_GEOMETRIC_PRESENTATION_REPRESENTATION('',(
    #4742),#4730);
#4742 = STYLED_ITEM('color',(#4743),#510);
#4743 = PRESENTATION_STYLE_ASSIGNMENT((#4744));
#4744 = SURFACE_STYLE_USAGE(.BOTH.,#4745);
#4745 = SURFACE_SIDE_STYLE('',(#4746));
#4746 = SURFACE_STYLE_FILL_AREA(#4747);
#4747 = FILL_AREA_STYLE('',(#4748));
#4748 = FILL_AREA_STYLE_COLOUR('',#4749);
#4749 = COLOUR_RGB('',0.313304153717,0.484529207832,0.410020903123);
#4750 = MECHANICAL_DESIGN_GEOMETRIC_PRESENTATION_REPRESENTATION('',(
    #4751,#4759,#4766,#4773,#4780,#4787,#4794,#4801,#4809,#4816,#4823,
    #4831,#4838,#4845,#4852,#4859),#446);
#4751 = STYLED_ITEM('color',(#4752),#98);
#4752 = PRESENTATION_STYLE_ASSIGNMENT((#4753));
#4753 = SURFACE_STYLE_USAGE(.BOTH.,#4754);
#4754 = SURFACE_SIDE_STYLE('',(#4755));
#4755 = SURFACE_STYLE_FILL_AREA(#4756);
#4756 = FILL_AREA_STYLE('',(#4757));
#4757 = FILL_AREA_STYLE_COLOUR('',#4758);
#4758 = COLOUR_RGB('',0.823999987314,0.819999987296,0.781000009244);
#4759 = STYLED_ITEM('color',(#4760),#131);
#4760 = PRESENTATION_STYLE_ASSIGNMENT((#4761));
#4761 = SURFACE_STYLE_USAGE(.BOTH.,#4762);
#4762 = SURFACE_SIDE_STYLE('',(#4763));
#4763 = SURFACE_STYLE_FILL_AREA(#4764);
#4764 = FILL_AREA_STYLE('',(#4765));
#4765 = FILL_AREA_STYLE_COLOUR('',#4758);
#4766 = STYLED_ITEM('color',(#4767),#157);
#4767 = PRESENTATION_STYLE_ASSIGNMENT((#4768));
#4768 = SURFACE_STYLE_USAGE(.BOTH.,#4769);
#4769 = SURFACE_SIDE_STYLE('',(#4770));
#4770 = SURFACE_STYLE_FILL_AREA(#4771);
#4771 = FILL_AREA_STYLE('',(#4772));
#4772 = FILL_AREA_STYLE_COLOUR('',#4758);
#4773 = STYLED_ITEM('color',(#4774),#182);
#4774 = PRESENTATION_STYLE_ASSIGNMENT((#4775));
#4775 = SURFACE_STYLE_USAGE(.BOTH.,#4776);
#4776 = SURFACE_SIDE_STYLE('',(#4777));
#4777 = SURFACE_STYLE_FILL_AREA(#4778);
#4778 = FILL_AREA_STYLE('',(#4779));
#4779 = FILL_AREA_STYLE_COLOUR('',#4758);
#4780 = STYLED_ITEM('color',(#4781),#208);
#4781 = PRESENTATION_STYLE_ASSIGNMENT((#4782));
#4782 = SURFACE_STYLE_USAGE(.BOTH.,#4783);
#4783 = SURFACE_SIDE_STYLE('',(#4784));
#4784 = SURFACE_STYLE_FILL_AREA(#4785);
#4785 = FILL_AREA_STYLE('',(#4786));
#4786 = FILL_AREA_STYLE_COLOUR('',#4758);
#4787 = STYLED_ITEM('color',(#4788),#233);
#4788 = PRESENTATION_STYLE_ASSIGNMENT((#4789));
#4789 = SURFACE_STYLE_USAGE(.BOTH.,#4790);
#4790 = SURFACE_SIDE_STYLE('',(#4791));
#4791 = SURFACE_STYLE_FILL_AREA(#4792);
#4792 = FILL_AREA_STYLE('',(#4793));
#4793 = FILL_AREA_STYLE_COLOUR('',#4758);
#4794 = STYLED_ITEM('color',(#4795),#242);
#4795 = PRESENTATION_STYLE_ASSIGNMENT((#4796));
#4796 = SURFACE_STYLE_USAGE(.BOTH.,#4797);
#4797 = SURFACE_SIDE_STYLE('',(#4798));
#4798 = SURFACE_STYLE_FILL_AREA(#4799);
#4799 = FILL_AREA_STYLE('',(#4800));
#4800 = FILL_AREA_STYLE_COLOUR('',#4758);
#4801 = STYLED_ITEM('color',(#4802),#253);
#4802 = PRESENTATION_STYLE_ASSIGNMENT((#4803));
#4803 = SURFACE_STYLE_USAGE(.BOTH.,#4804);
#4804 = SURFACE_SIDE_STYLE('',(#4805));
#4805 = SURFACE_STYLE_FILL_AREA(#4806);
#4806 = FILL_AREA_STYLE('',(#4807));
#4807 = FILL_AREA_STYLE_COLOUR('',#4808);
#4808 = COLOUR_RGB('',0.699999984889,9.999999991362E-02,
  5.000000142576E-02);
#4809 = STYLED_ITEM('color',(#4810),#286);
#4810 = PRESENTATION_STYLE_ASSIGNMENT((#4811));
#4811 = SURFACE_STYLE_USAGE(.BOTH.,#4812);
#4812 = SURFACE_SIDE_STYLE('',(#4813));
#4813 = SURFACE_STYLE_FILL_AREA(#4814);
#4814 = FILL_AREA_STYLE('',(#4815));
#4815 = FILL_AREA_STYLE_COLOUR('',#4808);
#4816 = STYLED_ITEM('color',(#4817),#306);
#4817 = PRESENTATION_STYLE_ASSIGNMENT((#4818));
#4818 = SURFACE_STYLE_USAGE(.BOTH.,#4819);
#4819 = SURFACE_SIDE_STYLE('',(#4820));
#4820 = SURFACE_STYLE_FILL_AREA(#4821);
#4821 = FILL_AREA_STYLE('',(#4822));
#4822 = FILL_AREA_STYLE_COLOUR('',#4808);
#4823 = STYLED_ITEM('color',(#4824),#326);
#4824 = PRESENTATION_STYLE_ASSIGNMENT((#4825));
#4825 = SURFACE_STYLE_USAGE(.BOTH.,#4826);
#4826 = SURFACE_SIDE_STYLE('',(#4827));
#4827 = SURFACE_STYLE_FILL_AREA(#4828);
#4828 = FILL_AREA_STYLE('',(#4829));
#4829 = FILL_AREA_STYLE_COLOUR('',#4830);
#4830 = COLOUR_RGB('',0.,0.631244006163,0.748016017657);
#4831 = STYLED_ITEM('color',(#4832),#351);
#4832 = PRESENTATION_STYLE_ASSIGNMENT((#4833));
#4833 = SURFACE_STYLE_USAGE(.BOTH.,#4834);
#4834 = SURFACE_SIDE_STYLE('',(#4835));
#4835 = SURFACE_STYLE_FILL_AREA(#4836);
#4836 = FILL_AREA_STYLE('',(#4837));
#4837 = FILL_AREA_STYLE_COLOUR('',#4830);
#4838 = STYLED_ITEM('color',(#4839),#376);
#4839 = PRESENTATION_STYLE_ASSIGNMENT((#4840));
#4840 = SURFACE_STYLE_USAGE(.BOTH.,#4841);
#4841 = SURFACE_SIDE_STYLE('',(#4842));
#4842 = SURFACE_STYLE_FILL_AREA(#4843);
#4843 = FILL_AREA_STYLE('',(#4844));
#4844 = FILL_AREA_STYLE_COLOUR('',#4830);
#4845 = STYLED_ITEM('color',(#4846),#402);
#4846 = PRESENTATION_STYLE_ASSIGNMENT((#4847));
#4847 = SURFACE_STYLE_USAGE(.BOTH.,#4848);
#4848 = SURFACE_SIDE_STYLE('',(#4849));
#4849 = SURFACE_STYLE_FILL_AREA(#4850);
#4850 = FILL_AREA_STYLE('',(#4851));
#4851 = FILL_AREA_STYLE_COLOUR('',#4830);
#4852 = STYLED_ITEM('color',(#4853),#428);
#4853 = PRESENTATION_STYLE_ASSIGNMENT((#4854));
#4854 = SURFACE_STYLE_USAGE(.BOTH.,#4855);
#4855 = SURFACE_SIDE_STYLE('',(#4856));
#4856 = SURFACE_STYLE_FILL_AREA(#4857);
#4857 = FILL_AREA_STYLE('',(#4858));
#4858 = FILL_AREA_STYLE_COLOUR('',#4830);
#4859 = STYLED_ITEM('color',(#4860),#437);
#4860 = PRESENTATION_STYLE_ASSIGNMENT((#4861));
#4861 = SURFACE_STYLE_USAGE(.BOTH.,#4862);
#4862 = SURFACE_SIDE_STYLE('',(#4863));
#4863 = SURFACE_STYLE_FILL_AREA(#4864);
#4864 = FILL_AREA_STYLE('',(#4865));
#4865 = FILL_AREA_STYLE_COLOUR('',#4830);
ENDSEC;
END-ISO-10303-21;
